"","correlation","t-stat","p-value","FDR"
"2,4-dihydroxybutyrate",1,Inf,0,0
"alpha-hydroxyisovalerate",0.95005,9.6266,2.2505e-06,0.00094747
"pipecolate",0.93209,8.1371,1.0144e-05,0.002847
"X-07765",-0.9247,-7.6813,1.678e-05,0.0035323
"1-methylhistidine",0.91983,7.4143,2.2771e-05,0.0038347
"3-hydroxy-2-ethylpropionate",0.91011,6.9458,3.9674e-05,0.0055676
"2S,3R-dihydroxybutyrate",0.89995,6.5274,6.6603e-05,0.0077991
"S-adenosylmethionine (SAM)",-0.89489,-6.3409,8.4499e-05,0.0077991
"N6-carboxymethyllysine",-0.89353,-6.2932,8.9874e-05,0.0077991
"anserine",0.89287,6.2699,9.2626e-05,0.0077991
"7-HOCA",-0.87754,-5.7873,0.00017597,0.01347
"imidazole lactate",0.87429,5.6959,0.00019944,0.013994
"maleate",-0.86786,-5.5241,0.0002531,0.016393
"2-hydroxybutyrate/2-hydroxyisobutyrate",0.86075,5.3472,0.00032488,0.019539
"2-hydroxy-3-methylvalerate",0.85459,5.204,0.000399,0.022397
"X-11787",0.84474,4.9914,0.00054421,0.028639
"N-glycolylneuraminate",0.83933,4.8824,0.0006397,0.031684
"1-palmityl-2-stearoyl-GPC (O-16:0/18:0)*",-0.82993,-4.7045,0.0008358,0.039097
"orotate",0.79716,4.1751,0.0019024,0.083663
"gamma-glutamylisoleucine*",0.79415,4.1323,0.0020366,0.083663
"1-dihomo-linolenoyl-GPC (20:3n3 or 6)*",0.79307,4.1171,0.0020866,0.083663
"carnosine",0.78797,4.0469,0.002335,0.088951
"glutathione, reduced (GSH)",-0.78613,-4.0222,0.0024298,0.088951
"4-imidazoleacetate",0.78243,3.9731,0.0026299,0.090152
"2-aminooctanoate",0.78159,3.9622,0.0026767,0.090152
"2R,3R-dihydroxybutyrate",0.7787,3.9249,0.0028438,0.091747
"arachidonoyl CoA",-0.77706,-3.904,0.002942,0.091747
"stearoylcholine*",-0.77365,-3.8612,0.003154,0.094847
"pantothenate (Vitamin B5)",-0.77003,-3.8166,0.0033923,0.098492
"gamma-glutamylthreonine",-0.7648,-3.7539,0.0037597,0.10215
"glutamate",-0.76478,-3.7537,0.0037609,0.10215
"2'-deoxyguanosine",-0.7483,-3.5672,0.0051193,0.13432
"hydroxyproline",0.74675,3.5504,0.0052645,0.13432
"glycerophosphoethanolamine",-0.72986,-3.3763,0.007046,0.17163
"1-arachidoyl-GPC (20:0)",0.72912,3.3689,0.0071341,0.17163
"3'-dephosphocoenzyme A",-0.72422,-3.3212,0.0077315,0.17561
"nicotinamide N-oxide",0.72158,3.2959,0.0080694,0.17561
"sphingomyelin (d18:1/24:1, d18:2/24:0)*",0.71983,3.2792,0.0082998,0.17561
"glycerophosphoglycerol",-0.71956,-3.2767,0.0083352,0.17561
"2,3-dihydroxyisovalerate",0.71807,3.2627,0.0085357,0.17561
"1-methyl-5-imidazolelactate",0.71795,3.2616,0.0085511,0.17561
"N-acetyl-aspartyl-glutamate (NAAG)",0.716,3.2434,0.0088188,0.1768
"1-ribosyl-imidazoleacetate*",0.71293,3.2151,0.0092523,0.18117
"1-(1-enyl-stearoyl)-2-docosahexaenoyl-GPE (P-18:0/22:6)*",-0.71044,-3.1923,0.009616,0.18401
"sphingomyelin (d18:1/22:2, d18:2/22:1, d16:1/24:2)*",0.70057,3.1046,0.011163,0.20627
"leucylalanine",-0.69993,-3.0991,0.011269,0.20627
"5-methylthioadenosine (MTA)",-0.69646,-3.0692,0.011858,0.21243
"indolelactate",-0.69499,-3.0566,0.012114,0.2125
"C-glycosyltryptophan",0.69183,3.0299,0.012679,0.21788
"N,N,N-trimethyl-alanylproline betaine (TMAP)",0.68703,2.9899,0.013575,0.2249
"docosatrienoate (22:3n6)*",0.6865,2.9856,0.013676,0.2249
"behenoyl sphingomyelin (d18:1/22:0)*",0.6854,2.9766,0.013889,0.2249
"glycerophosphorylcholine (GPC)",-0.68144,-2.9443,0.014676,0.23316
"3-ureidopropionate",-0.6717,-2.8672,0.016749,0.25871
"orotidine",0.66991,2.8533,0.017152,0.25871
"1-(1-enyl-palmitoyl)-2-linoleoyl-GPC (P-16:0/18:2)*",0.66847,2.8422,0.017482,0.25871
"2'-deoxyuridine",-0.66833,-2.8412,0.017513,0.25871
"3-hydroxybutyryl CoA",-0.6662,-2.8249,0.018009,0.26071
"X-12104",0.66511,2.8166,0.018268,0.26071
"N6-succinyladenosine",-0.65685,-2.7547,0.020312,0.28235
"N-acetyl-2-aminooctanoate*",0.65629,2.7507,0.020455,0.28235
"2'-deoxycytidine",0.64984,2.7037,0.022173,0.2965
"acetylcarnitine (C2)",0.6498,2.7034,0.022185,0.2965
"adenosine 3',5'-diphosphate",0.64837,2.6931,0.022578,0.297
"oleoylcholine",-0.64712,-2.6842,0.022928,0.297
"N-acetylglutamine",0.64072,2.639,0.024778,0.30755
"1-nisinoyl-GPC (24:6)*",0.64032,2.6362,0.024896,0.30755
"methylsuccinate",-0.64022,-2.6355,0.024926,0.30755
"histidine methyl ester",-0.6393,-2.629,0.025203,0.30755
"sphingomyelin (d18:2/24:1, d18:1/24:2)*",0.6379,2.6194,0.025626,0.30824
"N,N-dimethylalanine",0.63125,2.5738,0.027709,0.32806
"4-cholesten-3-one",-0.63019,-2.5666,0.028053,0.32806
"2-O-methylascorbic acid",0.62597,2.5383,0.029447,0.33965
"X-23739",-0.62126,-2.5071,0.031065,0.34718
"1-(1-enyl-palmitoyl)-2-linoleoyl-GPE (P-16:0/18:2)*",0.62105,2.5057,0.03114,0.34718
"1-myristoyl-2-palmitoyl-GPC (14:0/16:0)",-0.62015,-2.4998,0.031457,0.34718
"CoA",-0.61887,-2.4915,0.03191,0.34718
"2,3-dihydroxy-5-methylthio-4-pentenoate (DMTPA)*",-0.61663,-2.4769,0.032715,0.34718
"1-nonadecanoyl-GPC (19:0)",0.61577,2.4713,0.033029,0.34718
"1-(1-enyl-palmitoyl)-2-oleoyl-GPE (P-16:0/18:1)*",0.61434,2.4621,0.033555,0.34718
"3-methylhistidine",0.61388,2.4592,0.033725,0.34718
"1-stearoyl-2-meadoyl-GPC (18:0/20:3n9)*",0.61365,2.4577,0.033811,0.34718
"1-methyl-5-imidazoleacetate",0.61007,2.4348,0.03516,0.35669
"thymidine",-0.60186,-2.3832,0.038402,0.38493
"glucuronate",0.59806,2.3598,0.039969,0.39593
"S-(1,2-dicarboxyethyl)glutathione",-0.59559,-2.3446,0.041014,0.39826
"tauro-beta-muricholate",0.59443,2.3376,0.041511,0.39826
"X-12015",-0.59417,-2.336,0.041623,0.39826
"erythronate*",0.59147,2.3196,0.0428,0.403
"O-methyltyrosine",-0.59084,-2.3159,0.043076,0.403
"isovalerylglycine",0.58884,2.3038,0.043966,0.40382
"oxindolylalanine",-0.58845,-2.3015,0.04414,0.40382
"tricosanoyl sphingomyelin (d18:1/23:0)*",0.58662,2.2906,0.044967,0.40382
"galactonate",0.58637,2.2891,0.045082,0.40382
"phenylacetylglycine",0.58202,2.2634,0.047099,0.41745
"allantoin",0.57933,2.2476,0.048379,0.42127
"hexadecasphingosine (d16:1)*",0.57815,2.2407,0.048944,0.42127
"1-palmitoleoyl-GPI (16:1)*",0.57797,2.2397,0.049031,0.42127
"nisinate (24:6n3)",0.57532,2.2243,0.050326,0.42446
"1-methylguanidine",0.57441,2.2191,0.050776,0.42446
"1-palmitoyl-GPC (16:0)",0.57411,2.2173,0.050926,0.42446
"sphingomyelin (d18:2/23:0, d18:1/23:1, d17:1/24:1)*",0.57252,2.2082,0.051721,0.42446
"retinol (vitamin A)",0.57137,2.2016,0.052298,0.42446
"1-eicosenoyl-GPC (20:1)*",0.57061,2.1972,0.052686,0.42446
"pyridoxamine phosphate",-0.56918,-2.1891,0.053416,0.42446
"3'-dephospho-CoA-glutathione*",-0.5691,-2.1886,0.053458,0.42446
"formiminoglutamate",-0.56607,-2.1715,0.055034,0.42446
"ceramide (d18:2/24:1, d18:1/24:2)*",0.5656,2.1688,0.055279,0.42446
"linoleoylcholine*",-0.56545,-2.168,0.05536,0.42446
"sphingomyelin (d18:1/20:1, d18:2/20:0)*",-0.56436,-2.1618,0.055936,0.42446
"palmitoylcholine",-0.56432,-2.1616,0.055956,0.42446
"myristoylcholine*",-0.56305,-2.1545,0.056636,0.42578
"lignoceroyl sphingomyelin (d18:1/24:0)",0.56201,2.1487,0.057191,0.42615
"thymine",-0.55925,-2.1333,0.058694,0.43351
"1-dihomo-linoleoylglycerol (20:2)",-0.55751,-2.1236,0.059656,0.43614
"1-oleoyl-GPC (18:1)",0.55674,2.1194,0.060086,0.43614
"1-linoleoyl-GPC (18:2)",0.5531,2.0994,0.06214,0.44719
"myo-inositol",-0.54994,-2.0822,0.063962,0.45641
"quinate",-0.54499,-2.0555,0.066888,0.46973
"itaconate",-0.54391,-2.0497,0.067542,0.46973
"N-acetylasparagine",0.54307,2.0452,0.06805,0.46973
"X-10457",0.54289,2.0443,0.068159,0.46973
"methylphosphate",-0.54174,-2.0381,0.068863,0.46973
"1-dihomo-linolenoyl-GPE (20:3n3 or 6)*",0.54123,2.0354,0.069176,0.46973
"UDP-N-acetylglucosamine/galactosamine",-0.53828,-2.0198,0.071006,0.47491
"AMP",-0.53819,-2.0193,0.071067,0.47491
"N,N,N-trimethyl-5-aminovalerate",-0.53623,-2.009,0.072301,0.47615
"X-12100",-0.5361,-2.0083,0.072384,0.47615
"1-palmitoleoyl-GPC (16:1)*",0.53345,1.9944,0.074078,0.48304
"3-hydroxyoctanoylcarnitine (1)",0.53233,1.9886,0.074799,0.48304
"N-acetyl-beta-alanine",0.53135,1.9834,0.075442,0.48304
"2-docosahexaenoylglycerol (22:6)*",-0.53054,-1.9792,0.075971,0.48304
"trizma acetate",-0.53004,-1.9766,0.0763,0.48304
"5,6-dihydrouridine",0.52857,1.969,0.077269,0.48553
"N-acetylarginine",0.52674,1.9596,0.078488,0.48833
"acetyl-CoA",-0.52617,-1.9566,0.078876,0.48833
"CoA-glutathione*",-0.52315,-1.9412,0.080925,0.49644
"3-hydroxydecanoylcarnitine",0.52251,1.9379,0.081364,0.49644
"lysine",-0.52144,-1.9324,0.082102,0.49734
"2'-deoxyadenosine",-0.5195,-1.9226,0.08345,0.49842
"3-hydroxyoctanoylcarnitine (2)",0.51948,1.9225,0.083464,0.49842
"NADH",-0.51283,-1.889,0.0882,0.51742
"oxalate (ethanedioate)",0.51253,1.8875,0.088421,0.51742
"linoleoylcarnitine (C18:2)*",0.51244,1.8871,0.08849,0.51742
"1-eicosapentaenoyl-GPC (20:5)*",0.51034,1.8766,0.090022,0.52275
"X-15136",-0.50891,-1.8695,0.09108,0.52494
"X-11580",0.50693,1.8597,0.09256,0.52494
"2-palmitoyl-GPC (16:0)*",0.50595,1.8549,0.093298,0.52494
"glycylvaline",-0.50509,-1.8506,0.093948,0.52494
"betaine",-0.50496,-1.85,0.094043,0.52494
"dihomo-linolenoylcarnitine (C20:3n3 or 6)*",0.50417,1.8461,0.094641,0.52494
"3-hydroxyisobutyrate",-0.50324,-1.8416,0.09535,0.52494
"1-palmitoleoyl-2-linolenoyl-GPC (16:1/18:3)*",0.5032,1.8414,0.095387,0.52494
"1,5-anhydroglucitol (1,5-AG)",0.50202,1.8356,0.096287,0.52645
"phenyllactate (PLA)",0.50048,1.8281,0.097485,0.52956
"1-linoleoyl-GPS (18:2)*",0.49897,1.8207,0.098659,0.5325
"arabitol/xylitol",0.49778,1.8149,0.099596,0.53272
"1-stearoyl-GPS (18:0)*",0.49731,1.8127,0.099963,0.53272
"3-aminoisobutyrate",0.49536,1.8032,0.10152,0.53759
"(R)-3-hydroxybutyrylcarnitine",0.49414,1.7974,0.10249,0.53935
"sulfate*",0.49326,1.7931,0.1032,0.53971
"X-22918",-0.49169,-1.7856,0.10447,0.54298
"oleoyl ethanolamide",-0.49053,-1.7801,0.10542,0.54398
"N-monomethylarginine",0.48987,1.7769,0.10595,0.54398
"putrescine",0.48856,1.7707,0.10703,0.5462
"adenosine",-0.48701,-1.7633,0.10832,0.54943
"sphingomyelin (d18:1/22:1, d18:2/22:0, d16:1/24:1)*",0.48607,1.7588,0.10911,0.55011
"1-eicosenoyl-GPE (20:1)*",0.48524,1.7549,0.10981,0.55035
"N-acetylmethionine sulfoxide",0.48308,1.7447,0.11163,0.55252
"NADHX*",-0.48244,-1.7417,0.11217,0.55252
"1-palmitoyl-2-arachidonoyl-GPI (16:0/20:4)*",-0.48168,-1.7381,0.11283,0.55252
"adrenate (22:4n6)",0.48089,1.7344,0.1135,0.55252
"2-heptadecenoylglycerol (17:1)*",-0.48086,-1.7343,0.11353,0.55252
"1,2-dipalmitoyl-GPG (16:0/16:0)",0.47945,1.7277,0.11474,0.55252
"5-hydroxylysine",-0.47935,-1.7272,0.11484,0.55252
"12-HETE",0.47641,1.7135,0.11739,0.55756
"mead acid (20:3n9)",0.47502,1.7071,0.11862,0.55756
"1-stearoyl-2-dihomo-linolenoyl-GPE (18:0/20:3n3 or 6)*",0.47451,1.7047,0.11907,0.55756
"2-myristoylglycerol (14:0)",-0.47285,-1.697,0.12055,0.55756
"pyridoxamine",-0.47196,-1.6929,0.12135,0.55756
"sphinganine",0.47167,1.6916,0.12161,0.55756
"N-acetylmethionine",0.4713,1.6898,0.12194,0.55756
"gamma-glutamylvaline",0.47121,1.6894,0.12202,0.55756
"pseudouridine",0.47094,1.6882,0.12227,0.55756
"indolepropionate",0.47068,1.687,0.1225,0.55756
"thioproline",0.46703,1.6702,0.12583,0.56112
"spermidine",0.46676,1.669,0.12608,0.56112
"sphingomyelin (d18:1/20:0, d16:1/22:0)*",-0.46598,-1.6654,0.1268,0.56112
"1-linolenoyl-GPC (18:3)*",0.46574,1.6643,0.12702,0.56112
"N-arachidonoyltaurine",0.46553,1.6634,0.12721,0.56112
"3-phosphoglycerate",-0.46531,-1.6624,0.12742,0.56112
"2-aminoheptanoate",0.46398,1.6563,0.12865,0.56112
"sebacate (C10-DC)",0.46323,1.6529,0.12935,0.56112
"palmitoloelycholine",-0.46209,-1.6477,0.13043,0.56112
"cholesterol",0.46193,1.647,0.13058,0.56112
"taurocyamine",-0.46164,-1.6457,0.13085,0.56112
"beta-muricholate",0.46118,1.6436,0.13128,0.56112
"gamma-tocopherol/beta-tocopherol",-0.45916,-1.6345,0.13321,0.56647
"docosapentaenoate (n6 DPA; 22:5n6)",0.45773,1.628,0.13457,0.56822
"1-arachidonoyl-GPC (20:4n6)*",0.45604,1.6204,0.13621,0.56822
"3-formylindole",-0.45594,-1.62,0.1363,0.56822
"docosatrienoate (22:3n3)",0.45592,1.6199,0.13632,0.56822
"3'-AMP",0.45463,1.6141,0.13757,0.56844
"1-(1-enyl-palmitoyl)-GPC (P-16:0)*",0.45448,1.6134,0.13772,0.56844
"uracil",0.45307,1.6071,0.13911,0.56978
"O-sulfo-tyrosine",0.45277,1.6058,0.1394,0.56978
"N1-methyl-4-pyridone-3-carboxamide",0.4516,1.6006,0.14055,0.57169
"thiamin diphosphate",-0.45026,-1.5947,0.14187,0.57432
"1-palmitoyl-2-linoleoyl-GPI (16:0/18:2)",-0.44819,-1.5855,0.14394,0.57446
"gluconate",0.44719,1.581,0.14495,0.57446
"2-linoleoylglycerol (18:2)",-0.44683,-1.5794,0.14532,0.57446
"sucrose",-0.44613,-1.5763,0.14602,0.57446
"1-methylhistamine",0.44525,1.5725,0.14691,0.57446
"cholate",0.44448,1.5691,0.1477,0.57446
"AICA ribonucleotide",0.44436,1.5686,0.14782,0.57446
"phosphatidylcholine (18:0/20:2, 20:0/18:2)*",-0.44385,-1.5663,0.14834,0.57446
"6-phosphogluconate",0.44356,1.5651,0.14864,0.57446
"taurocholate",0.44222,1.5592,0.15001,0.57446
"1-(1-enyl-stearoyl)-2-arachidonoyl-GPE (P-18:0/20:4)*",-0.44196,-1.558,0.15028,0.57446
"1-stearoyl-2-oleoyl-GPE (18:0/18:1)",0.4411,1.5543,0.15117,0.57446
"adenosine 5'-diphosphoribose (ADP-ribose)",-0.44043,-1.5513,0.15187,0.57446
"trans-urocanate",-0.44033,-1.5509,0.15197,0.57446
"N6-methyllysine",-0.43966,-1.5479,0.15267,0.57446
"linoleoyl-linolenoyl-glycerol (18:2/18:3) [2]*",-0.4376,-1.539,0.15482,0.57446
"1-palmitoyl-2-oleoyl-GPE (16:0/18:1)",0.43713,1.5369,0.15532,0.57446
"phenol sulfate",0.43707,1.5367,0.15539,0.57446
"inosine 5'-monophosphate (IMP)",0.43585,1.5314,0.15667,0.57446
"stearoyl ethanolamide",-0.4358,-1.5312,0.15673,0.57446
"sedoheptulose-7-phosphate",0.435,1.5277,0.15758,0.57446
"1-palmityl-2-linoleoyl-GPC (O-16:0/18:2)*",0.43489,1.5272,0.15769,0.57446
"1-docosahexaenoylglycerol (22:6)",-0.43481,-1.5269,0.15778,0.57446
"1-linoleoyl-GPE (18:2)*",0.43434,1.5248,0.15828,0.57446
"docosapentaenoate (DPA; 22:5n3)",0.43231,1.5161,0.16045,0.57469
"1-palmityl-GPC (O-16:0)",0.43214,1.5154,0.16063,0.57469
"palmitoleate (16:1n7)",0.43142,1.5122,0.16142,0.57469
"prolylalanine",0.43111,1.5109,0.16175,0.57469
"1-(1-enyl-oleoyl)-GPE (P-18:1)*",0.4311,1.5109,0.16176,0.57469
"prolylglycine",0.42977,1.5052,0.1632,0.57733
"FMN",-0.42915,-1.5025,0.16387,0.57733
"malonylcarnitine",0.428,1.4976,0.16513,0.57932
"2-arachidonoylglycerol (20:4)",-0.426,-1.489,0.16733,0.58327
"gamma-glutamylhistidine",0.42539,1.4864,0.168,0.58327
"1-oleoyl-GPE (18:1)",0.42367,1.4791,0.16992,0.58327
"adenylosuccinate",-0.42358,-1.4787,0.17002,0.58327
"palmitoyl sphingomyelin (d18:1/16:0)",-0.42311,-1.4767,0.17054,0.58327
"ribulose/xylulose",0.42238,1.4736,0.17136,0.58327
"2-oleoylglycerol (18:1)",-0.4221,-1.4724,0.17168,0.58327
"1-oleoyl-GPG (18:1)*",0.42199,1.4719,0.17179,0.58327
"1-arachidonoyl-GPE (20:4n6)*",0.4195,1.4614,0.17461,0.58941
"carboxyethyl-GABA",0.41849,1.4571,0.17576,0.58941
"1-pentadecanoyl-GPC (15:0)*",0.41751,1.453,0.17688,0.58941
"3-hydroxy-3-methylglutarate",0.41542,1.4442,0.17928,0.58941
"ribonate",0.41426,1.4393,0.18062,0.58941
"4-HDoHE",0.41404,1.4384,0.18087,0.58941
"ADP",-0.41385,-1.4376,0.1811,0.58941
"dihomolinolenate (20:3n3 or 3n6)",0.41283,1.4333,0.18229,0.58941
"1-palmitoyl-2-gamma-linolenoyl-GPC (16:0/18:3n6)*",0.41137,1.4272,0.18399,0.58941
"4-methylcatechol sulfate",0.41026,1.4226,0.1853,0.58941
"sphingomyelin (d18:1/21:0, d17:1/22:0, d16:1/23:0)*",0.40986,1.4209,0.18576,0.58941
"3-methylglutaconate",-0.40916,-1.418,0.18659,0.58941
"3-hydroxyoctanoate",0.40911,1.4178,0.18665,0.58941
"prolylproline",0.40845,1.415,0.18744,0.58941
"1-eicosapentaenoylglycerol (20:5)*",-0.40793,-1.4129,0.18805,0.58941
"tiglyl carnitine (C5)",-0.40743,-1.4108,0.18864,0.58941
"2-stearoyl-GPE (18:0)*",0.4071,1.4095,0.18903,0.58941
"ophthalmate",-0.40709,-1.4094,0.18904,0.58941
"1-linolenoylglycerol (18:3)",-0.40525,-1.4018,0.19125,0.58941
"X-21788",-0.40516,-1.4014,0.19136,0.58941
"1-stearyl-2-arachidonoyl-GPC (O-18:0/20:4)*",-0.40505,-1.4009,0.19149,0.58941
"1-heptadecenoylglycerol (17:1)*",-0.40482,-1.4,0.19177,0.58941
"p-cresol glucuronide*",0.40458,1.399,0.19206,0.58941
"1-myristoyl-GPC (14:0)",0.40419,1.3974,0.19252,0.58941
"1-stearoyl-2-dihomo-linolenoyl-GPS (18:0/20:3n3 or 6)*",0.4039,1.3962,0.19288,0.58941
"pentadecanoate (15:0)",0.40378,1.3957,0.19302,0.58941
"2'-AMP",0.4034,1.3941,0.19348,0.58941
"sphingomyelin (d18:1/18:1, d18:2/18:0)",-0.40321,-1.3933,0.19371,0.58941
"3-hydroxyhexanoylcarnitine (2)",0.40255,1.3906,0.19451,0.58941
"X-22162",0.40247,1.3903,0.1946,0.58941
"oleoyl CoA",-0.40135,-1.3857,0.19597,0.59141
"2-methylcitrate/homocitrate",-0.40045,-1.382,0.19706,0.5926
"1-oleoyl-2-linoleoyl-GPI (18:1/18:2)*",-0.39892,-1.3757,0.19894,0.59612
"UDP-glucuronate",-0.39765,-1.3705,0.2005,0.59821
"tauroursodeoxycholate",0.39533,1.361,0.20338,0.59821
"N,N-dimethyl-pro-pro",0.39447,1.3575,0.20446,0.59821
"X-22767",-0.39437,-1.3571,0.20459,0.59821
"1-docosahexaenoyl-GPC (22:6)*",0.39387,1.3551,0.20522,0.59821
"cysteine",0.39318,1.3522,0.20609,0.59821
"butyrate/isobutyrate (4:0)",0.39238,1.349,0.20709,0.59821
"1-palmitoyl-GPG (16:0)*",0.39211,1.3479,0.20743,0.59821
"3-decenoylcarnitine",0.39206,1.3477,0.20749,0.59821
"linoleoyl-linoleoyl-glycerol (18:2/18:2) [2]*",-0.39138,-1.3449,0.20836,0.59821
"FAD",-0.39121,-1.3443,0.20856,0.59821
"3-methoxytyrosine",-0.39083,-1.3427,0.20905,0.59821
"1-stearoyl-GPC (18:0)",0.39081,1.3426,0.20908,0.59821
"1-stearoyl-2-dihomo-linolenoyl-GPC (18:0/20:3n3 or 6)*",0.39041,1.341,0.20959,0.59821
"aspartylaspartate",-0.38892,-1.335,0.21147,0.59989
"p-cresol sulfate",0.38883,1.3346,0.2116,0.59989
"NAD+",-0.38625,-1.3242,0.21491,0.60689
"10-heptadecenoate (17:1n7)",0.38571,1.322,0.21561,0.60689
"1-linoleoyl-2-arachidonoyl-GPC (18:2/20:4n6)*",0.38522,1.3201,0.21623,0.60689
"1-eicosadienoyl-GPC* (20:2)*",0.38388,1.3146,0.21798,0.60905
"N-acetylhistidine",0.38352,1.3132,0.21845,0.60905
"arabonate/xylonate",0.38275,1.3101,0.21945,0.60981
"tyrosylglycine",-0.38001,-1.2991,0.22305,0.61632
"oleate/vaccenate (18:1)",0.37985,1.2985,0.22325,0.61632
"1-margaroyl-2-oleoyl-GPC (17:0/18:1)*",-0.37895,-1.2949,0.22445,0.61759
"1-stearoyl-GPG (18:0)",0.37669,1.2859,0.22744,0.6238
"CDP-ethanolamine",-0.37599,-1.2831,0.22838,0.62434
"S-methylglutathione",-0.3737,-1.2741,0.23146,0.62844
"linoleate (18:2n6)",0.37243,1.269,0.23317,0.62844
"X-26106",0.37224,1.2683,0.23344,0.62844
"sphingosine 1-phosphate",-0.372,-1.2673,0.23375,0.62844
"gamma-glutamylglutamine",-0.37194,-1.2671,0.23384,0.62844
"biliverdin",-0.37128,-1.2645,0.23474,0.62844
"catechol sulfate",0.37101,1.2634,0.23511,0.62844
"bicine",0.37039,1.261,0.23594,0.62868
"3-hydroxyglutarate",0.36928,1.2566,0.23747,0.63074
"palmitate (16:0)",0.36832,1.2528,0.23878,0.63198
"N-acetylserine",0.36785,1.2509,0.23943,0.63198
"1-stearoyl-GPE (18:0)",0.36623,1.2446,0.24167,0.63588
"pyridoxate",0.36348,1.2338,0.24548,0.64277
"2-hydroxyoctanoate",0.36325,1.2329,0.24581,0.64277
"S-adenosylhomocysteine (SAH)",0.36183,1.2274,0.2478,0.64597
"homocitrulline",0.36093,1.2239,0.24905,0.64723
"leucine",0.35985,1.2196,0.25059,0.64787
"valylleucine",-0.35967,-1.2189,0.25084,0.64787
"linoleoyl-arachidonoyl-glycerol (18:2/20:4) [2]*",-0.35864,-1.2149,0.2523,0.64965
"hydroxypalmitoyl sphingomyelin (d18:1/16:0(OH))**",-0.35789,-1.212,0.25337,0.65041
"N-linoleoyltaurine*",0.35698,1.2085,0.25465,0.65172
"ribose",0.35529,1.2019,0.25708,0.65594
"X-15161",0.35335,1.1944,0.25987,0.65793
"sphingomyelin (d18:1/17:0, d17:1/18:0, d19:1/16:0)",-0.35313,-1.1936,0.26018,0.65793
"inositol 1-phosphate (I1P)",0.35312,1.1935,0.2602,0.65793
"succinate",-0.35151,-1.1873,0.26253,0.66183
"heneicosapentaenoate (21:5n3)",0.34965,1.1802,0.26524,0.66604
"tricarballylate",-0.34874,-1.1767,0.26658,0.66604
"N-stearoyltaurine",0.34849,1.1757,0.26693,0.66604
"tryptophan",-0.34769,-1.1726,0.26811,0.66604
"inosine",0.34766,1.1725,0.26815,0.66604
"tartronate (hydroxymalonate)",0.34708,1.1703,0.26901,0.66619
"3-hydroxybutyrate (BHBA)",-0.34602,-1.1663,0.27057,0.66705
"gulonate*",0.34577,1.1653,0.27094,0.66705
"N-oleoyltaurine",0.3445,1.1604,0.27282,0.66973
"propionyl CoA",-0.34187,-1.1504,0.27674,0.67738
"1-palmitoyl-2-pentadecanoyl-GPC (16:0/15:0)*",-0.33933,-1.1407,0.28056,0.68473
"linoleoyl-docosahexaenoyl-glycerol (18:2/22:6) [2]*",-0.33786,-1.1352,0.28278,0.68734
"10-nonadecenoate (19:1n9)",0.33746,1.1336,0.28339,0.68734
"phosphoenolpyruvate (PEP)",-0.33592,-1.1278,0.28573,0.68734
"1-margaroyl-GPE (17:0)*",0.33579,1.1273,0.28594,0.68734
"hypoxanthine",0.33392,1.1203,0.28878,0.68734
"threonate",-0.3337,-1.1194,0.28913,0.68734
"gamma-aminobutyrate (GABA)",0.3336,1.1191,0.28928,0.68734
"glycerol",0.3323,1.1141,0.29128,0.68734
"(S)-3-hydroxybutyrylcarnitine",0.3321,1.1134,0.29159,0.68734
"arachidonate (20:4n6)",0.33194,1.1128,0.29184,0.68734
"palmitoyl-docosahexaenoyl-glycerol (16:0/22:6) [2]*",-0.33162,-1.1116,0.29234,0.68734
"fumarate",-0.33147,-1.111,0.29256,0.68734
"adenine",-0.33144,-1.1109,0.29262,0.68734
"2-stearoyl-GPI (18:0)*",0.33115,1.1098,0.29306,0.68734
"palmitoleoyl ethanolamide*",-0.33056,-1.1076,0.29397,0.68756
"1-palmitoyl-GPE (16:0)",0.328,1.098,0.29795,0.69436
"1-linoleoylglycerol (18:2)",-0.32763,-1.0966,0.29852,0.69436
"pyridoxal phosphate",-0.32658,-1.0926,0.30017,0.69566
"2-methylmalonylcarnitine (C4-DC)",-0.3248,-1.086,0.30296,0.69566
"uridine 5'-diphosphate (UDP)",-0.32477,-1.0859,0.30301,0.69566
"threonine",-0.32462,-1.0853,0.30325,0.69566
"o-tyrosine",0.32356,1.0814,0.30492,0.69566
"cholesterol sulfate",0.32287,1.0788,0.30601,0.69566
"1-(1-enyl-palmitoyl)-GPE (P-16:0)*",0.32212,1.076,0.3072,0.69566
"1-palmitoyl-2-eicosapentaenoyl-GPE (16:0/20:5)*",-0.32203,-1.0756,0.30735,0.69566
"homoarginine",-0.32152,-1.0737,0.30816,0.69566
"ribose 1-phosphate",0.32106,1.072,0.3089,0.69566
"1-arachidonoyl-GPI (20:4)*",0.32105,1.072,0.30891,0.69566
"1-linoleoyl-2-arachidonoyl-GPE (18:2/20:4)*",0.321,1.0718,0.309,0.69566
"1-oleoyl-2-linoleoyl-GPG (18:1/18:2)*",-0.32007,-1.0684,0.31046,0.6971
"X-11612",0.31952,1.0663,0.31136,0.69725
"N-(ADP-ribosyl)-arginine (1)*",-0.31645,-1.0549,0.31629,0.70468
"stearoyl sphingomyelin (d18:1/18:0)",-0.31641,-1.0548,0.31635,0.70468
"2-aminoadipate",-0.31488,-1.0491,0.31882,0.70641
"heme",0.31443,1.0475,0.31955,0.70641
"X-14056",-0.31297,-1.0421,0.32193,0.70641
"N-acetylglycine",0.31251,1.0404,0.32268,0.70641
"ergothioneine",0.31174,1.0375,0.32393,0.70641
"docosahexaenoate (DHA; 22:6n3)",0.31123,1.0356,0.32477,0.70641
"butyrylglycine (C4)",0.31101,1.0348,0.32514,0.70641
"urea",0.31098,1.0347,0.32519,0.70641
"N-acetylglucosaminylasparagine",-0.31042,-1.0326,0.3261,0.70641
"glycylproline",0.31027,1.0321,0.32635,0.70641
"X-22773",-0.3099,-1.0307,0.32695,0.70641
"butyryl/isobutyryl CoA",-0.30964,-1.0298,0.32738,0.70641
"hexadecanedioate (C16)",-0.30847,-1.0255,0.32931,0.70641
"cystathionine",0.30821,1.0245,0.32974,0.70641
"1,2-dilinoleoyl-GPE (18:2/18:2)*",0.30779,1.023,0.33043,0.70641
"guanosine",-0.30769,-1.0226,0.33059,0.70641
"hexadecatrienoate (16:3n3)",0.30721,1.0208,0.33139,0.70641
"CDP-choline",-0.30523,-1.0136,0.33467,0.7116
"cytidine 5'-monophospho-N-acetylneuraminic acid",-0.30431,-1.0102,0.3362,0.71251
"1-stearoyl-2-arachidonoyl-GPE (18:0/20:4)",0.30339,1.0069,0.33774,0.71251
"N-palmitoyl-sphingadienine (d18:2/16:0)*",0.30257,1.0039,0.33912,0.71251
"gamma-glutamyl-epsilon-lysine",0.30228,1.0028,0.33961,0.71251
"isoleucine",0.30225,1.0027,0.33966,0.71251
"1-stearoyl-2-oleoyl-GPS (18:0/18:1)",-0.30167,-1.0006,0.34062,0.71251
"N-acetylalanine",0.30007,0.99474,0.34332,0.71251
"N-acetyltaurine",0.29958,0.99296,0.34415,0.71251
"2-palmitoleoylglycerol (16:1)*",-0.29924,-0.99174,0.34472,0.71251
"N-acetylglucosamine 6-phosphate",0.2992,0.99157,0.3448,0.71251
"alpha-ketoglutarate",-0.29901,-0.99087,0.34512,0.71251
"argininosuccinate",0.29869,0.98972,0.34565,0.71251
"1-linoleoyl-2-linolenoyl-GPC (18:2/18:3)*",-0.29843,-0.98876,0.3461,0.71251
"2-hydroxydecanoate",0.29761,0.98581,0.34748,0.7136
"3-hydroxyoleoylcarnitine",0.29658,0.98205,0.34924,0.7142
"isoleucylglycine",-0.29604,-0.98008,0.35016,0.7142
"1,2-distearoyl-GPC (18:0/18:0)",0.29525,0.97722,0.35151,0.7142
"acetylcholine",0.29523,0.97716,0.35154,0.7142
"1-arachidonylglycerol (20:4)",-0.2938,-0.97198,0.35398,0.7142
"ribitol",0.29366,0.97146,0.35423,0.7142
"1-palmitoyl-2-stearoyl-GPC (16:0/18:0)",-0.29298,-0.969,0.3554,0.7142
"1-methyladenosine",0.29281,0.9684,0.35568,0.7142
"taurohyodeoxycholic acid",0.29274,0.96815,0.3558,0.7142
"serotonin",0.29235,0.96674,0.35647,0.7142
"citrulline",0.29197,0.96535,0.35713,0.7142
"1-(1-enyl-stearoyl)-2-linoleoyl-GPE (P-18:0/18:2)*",0.2915,0.96364,0.35795,0.7142
"X-10445",-0.29087,-0.96139,0.35902,0.71432
"1-palmitoyl-2-arachidonoyl-GPC (16:0/20:4n6)",-0.29048,-0.95998,0.3597,0.71432
"1-methylnicotinamide",0.28947,0.95632,0.36146,0.71494
"palmitoyl-linoleoyl-glycerol (16:0/18:2) [2]*",-0.28902,-0.95471,0.36223,0.71494
"oleoyl-linoleoyl-glycerol (18:1/18:2) [2]",-0.28836,-0.95232,0.36339,0.71494
"margarate (17:0)",0.28834,0.95226,0.36341,0.71494
"docosahexaenoylcarnitine (C22:6)*",0.28658,0.94592,0.36648,0.71901
"1-stearoyl-2-linoleoyl-GPG (18:0/18:2)*",-0.28612,-0.94427,0.36729,0.71901
"1-linoleoyl-GPI* (18:2)*",0.28569,0.94271,0.36805,0.71901
"myristate (14:0)",0.28507,0.94048,0.36913,0.71947
"citrate",0.28399,0.93662,0.37102,0.7199
"sedoheptulose",0.28397,0.93653,0.37106,0.7199
"hexanoylglycine (C6)",0.2827,0.93198,0.3733,0.72029
"1-palmitoyl-2-docosahexaenoyl-GPC (16:0/22:6)",-0.28222,-0.93027,0.37414,0.72029
"1,2-dipalmitoyl-GPE (16:0/16:0)*",-0.28197,-0.92937,0.37459,0.72029
"glycerol 3-phosphate",-0.28182,-0.92885,0.37484,0.72029
"trimethylamine N-oxide",0.28128,0.92689,0.37581,0.72029
"5-methylcytidine",0.28095,0.92571,0.3764,0.72029
"1-(1-enyl-palmitoyl)-2-arachidonoyl-GPE (P-16:0/20:4)*",0.27697,0.91152,0.38347,0.73215
"propionylcarnitine (C3)",-0.27522,-0.90528,0.38661,0.7351
"thiamin monophosphate",0.27476,0.90365,0.38743,0.7351
"alanine",-0.27464,-0.90322,0.38765,0.7351
"dehydroascorbate",-0.27361,-0.89955,0.38951,0.7351
"cis-4-decenoylcarnitine (C10:1)",-0.27352,-0.89924,0.38966,0.7351
"X-11615",0.2732,0.89809,0.39025,0.7351
"eicosenoate (20:1n9 or 1n11)",0.27208,0.89412,0.39227,0.73582
"oleoyl-oleoyl-glycerol (18:1/18:1) [2]*",-0.27174,-0.8929,0.39289,0.73582
"nicotinamide ribonucleotide (NMN)",-0.27107,-0.89053,0.3941,0.73582
"2,6-dihydroxybenzoic acid",0.2708,0.88958,0.39459,0.73582
"5-(galactosylhydroxy)-lysine",0.27057,0.88877,0.395,0.73582
"hexadecadienoate (16:2n6)",0.26956,0.8852,0.39683,0.7376
"maltotetraose",0.2679,0.87931,0.39987,0.7416
"eicosapentaenoate (EPA; 20:5n3)",0.26574,0.87169,0.40382,0.74196
"glutamine_degradant*",0.26501,0.8691,0.40517,0.74196
"1-palmitoleoyl-GPE (16:1)*",0.26446,0.86716,0.40618,0.74196
"hexanoylcarnitine (C6)",-0.2643,-0.86659,0.40648,0.74196
"isoleucylhydroxyproline*",0.26422,0.86633,0.40661,0.74196
"4-hydroxynonenal",0.2642,0.86624,0.40666,0.74196
"nonadecanoate (19:0)",0.2641,0.86592,0.40683,0.74196
"glycosyl-N-palmitoyl-sphingosine (d18:1/16:0)",0.2635,0.86379,0.40795,0.74196
"2'-deoxyadenosine 5'-monophosphate",0.26348,0.8637,0.40799,0.74196
"1,2-dilinolenoyl-GPC (18:3/18:3)*",-0.26174,-0.85758,0.41121,0.74554
"1-linoleoyl-GPG (18:2)*",0.26126,0.85592,0.41208,0.74554
"1-adrenoyl-GPC (22:4)*",-0.25982,-0.85086,0.41476,0.74554
"stearoyl-docosahexaenoyl-glycerol (18:0/22:6) [2]*",-0.25982,-0.85084,0.41477,0.74554
"thiamin (vitamin B1)",0.25938,0.8493,0.41558,0.74554
"docosadienoate (22:2n6)",0.25932,0.84909,0.41569,0.74554
"N-palmitoleoyltaurine*",0.25907,0.84822,0.41616,0.74554
"3-indoxyl sulfate",-0.25832,-0.84556,0.41757,0.74642
"ascorbate (vitamin C)",-0.25786,-0.84397,0.41842,0.74642
"ceramide (d18:1/17:0, d17:1/18:0)*",0.25695,0.84079,0.42012,0.74786
"dimethylglycine",-0.25596,-0.8373,0.42198,0.74849
"1-margaroylglycerol (17:0)",-0.25403,-0.83054,0.42562,0.74849
"1-(1-enyl-stearoyl)-2-docosahexaenoyl-GPC (P-18:0/22:6)*",-0.25363,-0.82917,0.42636,0.74849
"xanthine",0.25355,0.8289,0.42651,0.74849
"cytidine",0.25318,0.82758,0.42721,0.74849
"taurodeoxycholate",0.25274,0.82604,0.42805,0.74849
"dihomolinoleate (20:2n6)",0.25198,0.82339,0.42949,0.74849
"glucose",0.25182,0.82285,0.42978,0.74849
"ascorbic acid 3-sulfate*",-0.25157,-0.82196,0.43026,0.74849
"phosphoethanolamine (PE)",-0.25124,-0.82082,0.43088,0.74849
"homoserine",0.25082,0.81936,0.43167,0.74849
"N-acetylleucine",-0.24949,-0.81473,0.4342,0.74849
"sphingomyelin (d18:2/21:0, d16:2/23:0)*",-0.24913,-0.81345,0.4349,0.74849
"succinylglutamine",0.24881,0.81236,0.4355,0.74849
"1-stearoyl-2-docosahexaenoyl-GPS (18:0/22:6)*",-0.24801,-0.80957,0.43703,0.74849
"3-hydroxyhexanoylcarnitine (1)",0.24743,0.80754,0.43814,0.74849
"1-margaroyl-2-arachidonoyl-GPC (17:0/20:4)*",-0.24731,-0.80715,0.43836,0.74849
"1-stearoyl-GPI (18:0)",0.24717,0.80665,0.43863,0.74849
"2-palmitoleoyl-GPC (16:1)*",0.24708,0.80635,0.4388,0.74849
"stearate (18:0)",0.24604,0.80272,0.4408,0.74849
"1-stearoyl-2-docosapentaenoyl-GPC (18:0/22:5n6)*",0.24591,0.80227,0.44105,0.74849
"1-stearoyl-2-docosahexaenoyl-GPI (18:0/22:6)*",-0.24583,-0.80198,0.4412,0.74849
"1-palmitoyl-2-arachidonoyl-GPE (16:0/20:4)*",0.24557,0.80109,0.4417,0.74849
"taurochenodeoxycholate",0.24518,0.79975,0.44244,0.74849
"linolenate (18:3n3 or 3n6)",0.24505,0.79929,0.44269,0.74849
"N-(ADP-ribosyl)-arginine (2)*",-0.24425,-0.79652,0.44423,0.74958
"1-myristoyl-2-arachidonoyl-GPC (14:0/20:4)*",-0.24359,-0.79423,0.4455,0.75022
"1-palmitoleoylglycerol (16:1)*",-0.24281,-0.79153,0.447,0.75125
"1-palmitoyl-2-docosahexaenoyl-GPE (16:0/22:6)*",-0.24171,-0.7877,0.44914,0.75334
"allantoic acid",0.23998,0.78172,0.45249,0.75739
"X-26108",0.23953,0.78018,0.45336,0.75739
"2-palmitoylglycerol (16:0)",-0.23863,-0.77707,0.45511,0.75788
"maltotriose",-0.23815,-0.77539,0.45605,0.75788
"docosahexaenoyl ethanolamide",-0.23669,-0.77035,0.4589,0.75788
"deoxycholate",0.23662,0.77014,0.45903,0.75788
"1-palmitoyl-GPI (16:0)",0.23615,0.76852,0.45994,0.75788
"N-formylmethionine",-0.23588,-0.76758,0.46048,0.75788
"lactate",-0.23583,-0.7674,0.46058,0.75788
"5-dodecenoylcarnitine (C12:1)",-0.23569,-0.76693,0.46085,0.75788
"1-palmityl-GPE (O-16:0)*",0.23445,0.76265,0.46328,0.76039
"1-meadoylglycerol (20:3n9)*",-0.23357,-0.75964,0.465,0.76174
"1-oleoyl-2-arachidonoyl-GPE (18:1/20:4)*",0.23082,0.75019,0.47042,0.76702
"(14 or 15)-methylpalmitate (a17:0 or i17:0)",0.23082,0.75018,0.47043,0.76702
"2'-deoxyinosine",0.23025,0.74822,0.47156,0.76702
"fructosyllysine",0.22981,0.74671,0.47243,0.76702
"laurate (12:0)",0.22963,0.7461,0.47278,0.76702
"isovalerylcarnitine (C5)",-0.22808,-0.74077,0.47587,0.76952
"palmitoyl-oleoyl-glycerol (16:0/18:1) [2]*",-0.22794,-0.74028,0.47615,0.76952
"1-(1-enyl-palmitoyl)-2-arachidonoyl-GPC (P-16:0/20:4)*",-0.22726,-0.73796,0.4775,0.77006
"N-palmitoyl-sphingosine (d18:1/16:0)",0.22554,0.73208,0.48093,0.77006
"N-acetyltyrosine",-0.2248,-0.72956,0.4824,0.77006
"isocitrate",-0.22439,-0.72816,0.48322,0.77006
"nicotinamide riboside",-0.22403,-0.72691,0.48395,0.77006
"1-pentadecanoyl-2-docosahexaenoyl-GPC (15:0/22:6)*",-0.22349,-0.72507,0.48503,0.77006
"1-stearoyl-2-linoleoyl-GPC (18:0/18:2)*",0.22322,0.72416,0.48556,0.77006
"alpha-tocopherol",-0.22289,-0.72303,0.48623,0.77006
"X-15461",0.22187,0.71953,0.48829,0.77006
"1,2-dipalmitoyl-GPC (16:0/16:0)",-0.22169,-0.71894,0.48864,0.77006
"uridine",-0.22155,-0.71847,0.48892,0.77006
"sphingomyelin (d18:1/19:0, d19:1/18:0)*",-0.22104,-0.71673,0.48994,0.77006
"glutamine",-0.22097,-0.71649,0.49008,0.77006
"3-hydroxymyristate",-0.22072,-0.71563,0.49059,0.77006
"1-dihomo-linolenylglycerol (20:3)",-0.22046,-0.71476,0.49111,0.77006
"glycylleucine",0.22046,0.71473,0.49112,0.77006
"trigonelline (N'-methylnicotinate)",0.21942,0.71119,0.49322,0.77044
"diacylglycerol (16:1/18:2 [2], 16:0/18:3 [1])*",-0.21929,-0.71075,0.49348,0.77044
"octanoylcarnitine (C8)",-0.21853,-0.70816,0.49502,0.77044
"methionine sulfoxide",0.21852,0.70813,0.49504,0.77044
"(2 or 3)-decenoate (10:1n7 or n8)",0.21808,0.70662,0.49593,0.77044
"asparagine",0.21683,0.70239,0.49846,0.77293
"3-hydroxystearate",-0.21582,-0.69896,0.50051,0.77469
"1-oleoyl-GPI (18:1)",0.2141,0.69311,0.50402,0.77498
"methionine",0.21383,0.69221,0.50456,0.77498
"N6-carbamoylthreonyladenosine",-0.21376,-0.69196,0.50471,0.77498
"succinylcarnitine (C4-DC)",-0.21367,-0.69166,0.50489,0.77498
"proline",0.21347,0.69098,0.5053,0.77498
"N-acetyl-glucosamine 1-phosphate",0.21279,0.68868,0.50669,0.77569
"16-hydroxypalmitate",-0.20914,-0.6763,0.51419,0.78575
"sphingomyelin (d18:1/14:0, d16:1/16:0)*",-0.2086,-0.67447,0.5153,0.78602
"phytosphingosine",0.2073,0.6701,0.51797,0.78866
"ornithine",-0.20615,-0.66623,0.52034,0.79084
"1-(1-enyl-stearoyl)-GPE (P-18:0)*",0.20525,0.66317,0.52221,0.79226
"2-hydroxystearate",0.20478,0.6616,0.52318,0.7923
"1-stearoyl-2-arachidonoyl-GPS (18:0/20:4)",0.20334,0.65672,0.52618,0.79541
"1-myristoylglycerol (14:0)",-0.2014,-0.65021,0.53021,0.80006
"1-oleoyl-2-linoleoyl-GPC (18:1/18:2)*",0.20007,0.64573,0.53299,0.80228
"2-phosphoglycerate",-0.19979,-0.64478,0.53358,0.80228
"mannitol/sorbitol",0.19575,0.63121,0.54206,0.81357
"1-docosahexaenoyl-GPE (22:6)*",0.19467,0.62762,0.54432,0.81551
"methylsuccinoylcarnitine",-0.1928,-0.62135,0.54827,0.81965
"phenylalanine",0.1923,0.61967,0.54933,0.81965
"salicylate",0.19198,0.61861,0.55,0.81965
"2-oxoarginine*",0.18919,0.60927,0.55593,0.82611
"1-arachidoyl-2-arachidonoyl-GPC (20:0/20:4)*",-0.18902,-0.6087,0.5563,0.82611
"linoleoyl-linoleoyl-glycerol (18:2/18:2) [1]*",-0.1874,-0.60331,0.55974,0.82617
"palmitoyl-arachidonoyl-glycerol (16:0/20:4) [2]*",-0.18713,-0.60239,0.56033,0.82617
"cysteine-glutathione disulfide",0.18668,0.6009,0.56128,0.82617
"1-palmitoyl-2-palmitoleoyl-GPE (16:0/16:1)*",-0.18665,-0.60081,0.56134,0.82617
"X-22771",-0.18614,-0.59911,0.56243,0.82617
"homostachydrine*",-0.18555,-0.59711,0.56371,0.82617
"glutathione, oxidized (GSSG)",-0.18549,-0.59693,0.56382,0.82617
"1-stearoyl-2-linoleoyl-GPE (18:0/18:2)*",0.18532,0.59636,0.56419,0.82617
"N-acetylneuraminate",-0.18481,-0.59465,0.56529,0.82634
"arachidate (20:0)",0.18348,0.59024,0.56813,0.82658
"sphingomyelin (d18:0/20:0, d16:0/22:0)*",0.18316,0.58916,0.56882,0.82658
"butyrylcarnitine (C4)",-0.18303,-0.58874,0.5691,0.82658
"mesaconate (methylfumarate)",-0.1829,-0.5883,0.56938,0.82658
"adrenoylcarnitine (C22:4)*",0.18223,0.58607,0.57082,0.82724
"docosatrienoylcarnitine (C22:3)*",0.18093,0.58176,0.57361,0.82985
"2-hydroxyheptanoate*",0.18032,0.57973,0.57493,0.83034
"X-26107",0.17791,0.57173,0.58013,0.83542
"3-hydroxyhexanoate",0.17777,0.57127,0.58043,0.83542
"1-oleoyl-2-linoleoyl-GPE (18:1/18:2)*",0.17412,0.55917,0.58835,0.84113
"caprate (10:0)",0.17212,0.55255,0.59271,0.84113
"creatine",0.17197,0.55205,0.59304,0.84113
"4-guanidinobutanoate",0.17167,0.55104,0.5937,0.84113
"linolenoylcarnitine (C18:3)*",0.17142,0.55023,0.59424,0.84113
"pentadecanoylcarnitine (C15)*",-0.17134,-0.54997,0.59441,0.84113
"X-15220",0.17101,0.54885,0.59515,0.84113
"3-hydroxyadipate",0.17081,0.54821,0.59557,0.84113
"oleoyl-arachidonoyl-glycerol (18:1/20:4) [2]*",-0.17072,-0.54792,0.59577,0.84113
"(16 or 17)-methylstearate (a19:0 or i19:0)",0.1697,0.54453,0.59801,0.84113
"malonate",0.16941,0.54357,0.59864,0.84113
"leucylglycine",-0.1694,-0.54355,0.59866,0.84113
"stearoyl-arachidonoyl-glycerol (18:0/20:4) [2]*",0.16935,0.54338,0.59877,0.84113
"hippurate",-0.16912,-0.54262,0.59928,0.84113
"1-palmitoyl-2-linoleoyl-GPC (16:0/18:2)",0.16851,0.54062,0.6006,0.84113
"myristoleate (14:1n5)",0.16784,0.53838,0.60209,0.84113
"X-17335",-0.16748,-0.53722,0.60286,0.84113
"arginine",-0.16723,-0.53639,0.60342,0.84113
"phosphocholine",-0.16639,-0.53361,0.60527,0.84113
"xanthosine",0.16626,0.53318,0.60555,0.84113
"1-stearoyl-2-adrenoyl-GPC (18:0/22:4)*",-0.16593,-0.5321,0.60628,0.84113
"14-HDoHE/17-HDoHE",0.16586,0.53188,0.60642,0.84113
"1-oleoyl-2-docosahexaenoyl-GPC (18:1/22:6)*",-0.16543,-0.53046,0.60737,0.84113
"erucate (22:1n9)",0.1647,0.52804,0.60899,0.84199
"urate",0.16413,0.52617,0.61024,0.84233
"N-lactoyl tyrosine",-0.163,-0.52242,0.61275,0.84349
"1-stearyl-GPC (O-18:0)*",0.16284,0.52193,0.61309,0.84349
"beta-hydroxyisovaleroylcarnitine",-0.16123,-0.51661,0.61666,0.8458
"gamma-glutamyl-alpha-lysine",-0.16043,-0.514,0.61842,0.8458
"pyridoxal",0.15971,0.51163,0.62002,0.8458
"S-1-pyrroline-5-carboxylate",0.15959,0.51121,0.6203,0.8458
"ceramide (d18:1/20:0, d16:1/22:0, d20:1/18:0)*",-0.15911,-0.50964,0.62136,0.8458
"N-acetylthreonine",0.15864,0.50811,0.6224,0.8458
"imidazole propionate",0.1582,0.50664,0.62339,0.8458
"biopterin",0.15772,0.50509,0.62444,0.8458
"oleoylcarnitine (C18:1)",0.15766,0.50488,0.62458,0.8458
"glycerophosphoinositol*",0.15717,0.50328,0.62567,0.8458
"phosphate",-0.1569,-0.50237,0.62629,0.8458
"1-pentadecanoyl-2-arachidonoyl-GPC (15:0/20:4)*",-0.15666,-0.50159,0.62681,0.8458
"N-acetylglucosamine/N-acetylgalactosamine",-0.15473,-0.49528,0.6311,0.85022
"dodecadienoate (12:2)*",-0.15311,-0.48997,0.63473,0.8531
"1-palmitoyl-2-oleoyl-GPI (16:0/18:1)*",-0.15261,-0.48831,0.63586,0.8531
"spermine",0.15242,0.4877,0.63628,0.8531
"glutarate (C5-DC)",0.15143,0.48445,0.6385,0.85456
"5-dodecenoate (12:1n7)",-0.15103,-0.48314,0.6394,0.85456
"palmitoylcarnitine (C16)",0.15008,0.48004,0.64153,0.85605
"1-stearoyl-2-linoleoyl-GPS (18:0/18:2)",0.1496,0.47848,0.6426,0.85612
"1-palmitoyl-2-linoleoyl-GPE (16:0/18:2)",0.14783,0.47266,0.6466,0.86009
"N-lactoyl valine",-0.14532,-0.46446,0.65226,0.8653
"X-12798",0.14468,0.46239,0.6537,0.8653
"methionine sulfone",0.14377,0.45943,0.65575,0.8653
"phenylalanylalanine",-0.14359,-0.45881,0.65618,0.8653
"tetradecanedioate (C14)",0.14321,0.4576,0.65702,0.8653
"X-21353",0.14294,0.45671,0.65764,0.8653
"stearidonate (18:4n3)",0.14291,0.45661,0.65771,0.8653
"1-palmitoyl-2-oleoyl-GPC (16:0/18:1)",-0.1414,-0.45168,0.66113,0.86845
"(N(1) + N(8))-acetylspermidine",0.14013,0.44755,0.66402,0.87078
"S-methylcysteine",0.138,0.4406,0.66888,0.87078
"pantetheine",-0.13792,-0.44036,0.66904,0.87078
"nicotinate",-0.13758,-0.43926,0.66981,0.87078
"13-HODE + 9-HODE",0.13686,0.43689,0.67147,0.87078
"N-acetylphenylalanine",-0.13657,-0.43594,0.67214,0.87078
"oleoyl-linoleoyl-glycerol (18:1/18:2) [1]",0.13636,0.43526,0.67261,0.87078
"18-methylnonadecanoate (i20:0)",0.13626,0.43495,0.67283,0.87078
"kynurenate",0.13623,0.43485,0.6729,0.87078
"deoxycarnitine",-0.13608,-0.43436,0.67325,0.87078
"glycine",0.13396,0.42748,0.67809,0.87531
"12,13-DiHOME",0.13364,0.42642,0.67884,0.87531
"2,4-di-tert-butylphenol",0.13226,0.42194,0.682,0.87805
"sphingomyelin (d17:1/16:0, d18:1/15:0, d16:1/17:0)*",-0.1316,-0.4198,0.68351,0.87811
"hypotaurine",0.13036,0.41578,0.68636,0.87811
"valine",0.12952,0.41305,0.68829,0.87811
"1-(1-enyl-palmitoyl)-2-oleoyl-GPC (P-16:0/18:1)*",0.12922,0.41207,0.68898,0.87811
"methyl glucopyranoside (alpha + beta)",-0.1291,-0.41169,0.68925,0.87811
"eicosenoylcarnitine (C20:1)*",0.1282,0.40879,0.69131,0.87811
"benzoylcarnitine*",-0.12802,-0.40819,0.69174,0.87811
"4-hydroxybutyrate (GHB)",0.12801,0.40815,0.69177,0.87811
"12-HHTrE",0.12778,0.40742,0.69229,0.87811
"1-(1-enyl-palmitoyl)-2-docosahexaenoyl-GPE (P-16:0/22:6)*",-0.12728,-0.40579,0.69345,0.87811
"1-stearoyl-2-dihomo-linolenoyl-GPI (18:0/20:3n3 or 6)*",0.12725,0.40568,0.69352,0.87811
"3-hydroxypalmitoylcarnitine",0.1254,0.39972,0.69777,0.88216
"glycerophosphoserine*",-0.12442,-0.39655,0.70003,0.8837
"heptadecasphingosine (d17:1)",0.12364,0.39402,0.70184,0.88465
"S-lactoylglutathione",0.12252,0.39039,0.70443,0.88626
"sphingosine",0.12205,0.38885,0.70554,0.88626
"1-palmitoylglycerol (16:0)",-0.12133,-0.38653,0.7072,0.88626
"1-stearoyl-2-oleoyl-GPG (18:0/18:1)",-0.12127,-0.38635,0.70733,0.88626
"X-22772",0.12049,0.38381,0.70915,0.88723
"stearoylcarnitine (C18)",-0.11973,-0.38137,0.7109,0.8881
"palmitoyl dihydrosphingomyelin (d18:0/16:0)*",-0.1188,-0.37836,0.71307,0.88949
"9,10-DiHOME",-0.11806,-0.37596,0.7148,0.89033
"taurine",0.11755,0.37433,0.71597,0.8904
"dimethylarginine (ADMA + SDMA)",0.11675,0.37174,0.71785,0.8904
"linoleoyl-arachidonoyl-glycerol (18:2/20:4) [1]*",-0.11667,-0.37148,0.71803,0.8904
"1-palmitoyl-2-oleoyl-GPG (16:0/18:1)",-0.11602,-0.36939,0.71954,0.89095
"nicotinamide",-0.11407,-0.36309,0.7241,0.89529
"dodecanedioate (C12)",0.11075,0.3524,0.73185,0.90099
"riboflavin (vitamin B2)",0.11046,0.35145,0.73254,0.90099
"5-methyluridine (ribothymidine)",-0.10991,-0.34969,0.73382,0.90099
"2-arachidonoyl-GPI (20:4)*",0.10981,0.34936,0.73407,0.90099
"3-(4-hydroxyphenyl)lactate (HPLA)",0.10961,0.34873,0.73453,0.90099
"CMP",-0.10936,-0.3479,0.73513,0.90099
"linoleoyl-linolenoyl-glycerol (18:2/18:3) [1]*",-0.10874,-0.34591,0.73658,0.90145
"5-methyltetrahydrofolate (5MeTHF)",0.1078,0.3429,0.73877,0.90282
"oleoyl-oleoyl-glycerol (18:1/18:1) [1]*",0.10669,0.33933,0.74138,0.90419
"sphingomyelin (d18:0/18:0, d19:0/17:0)*",0.10617,0.33765,0.74261,0.90419
"3-hydroxylaurate",-0.10596,-0.33696,0.74311,0.90419
"3-hydroxyarachidate*",0.10462,0.33266,0.74626,0.90456
"1-(1-enyl-palmitoyl)-2-palmitoyl-GPC (P-16:0/16:0)*",0.10455,0.33244,0.74642,0.90456
"7-methylguanine",-0.10446,-0.33214,0.74664,0.90456
"myristoleoylcarnitine (C14:1)*",-0.10283,-0.32692,0.75047,0.90601
"aspartate",-0.10254,-0.32598,0.75116,0.90601
"ethyl beta-glucopyranoside",0.10251,0.32589,0.75122,0.90601
"arachidoylcarnitine (C20)*",0.10191,0.32396,0.75264,0.90601
"X-23782",-0.10167,-0.32318,0.75322,0.90601
"N-lactoyl phenylalanine",-0.10016,-0.31833,0.75678,0.90892
"N-stearoyl-sphingosine (d18:1/18:0)*",0.099732,0.31696,0.75779,0.90892
"1,2-dilinoleoyl-GPC (18:2/18:2)",0.09843,0.31278,0.76087,0.9106
"1-oleoyl-GPS (18:1)",0.097725,0.31052,0.76254,0.9106
"erucoylcarnitine (C22:1)*",0.097609,0.31015,0.76281,0.9106
"histidine",0.096769,0.30745,0.76481,0.9106
"N-palmitoyl-sphinganine (d18:0/16:0)",0.096503,0.3066,0.76544,0.9106
"alpha-glutamylglutamate",0.0964,0.30627,0.76568,0.9106
"palmitoyl-docosahexaenoyl-glycerol (16:0/22:6) [1]*",-0.095334,-0.30285,0.76821,0.91232
"ethylmalonate",0.094382,0.2998,0.77047,0.9125
"arachidonoylcarnitine (C20:4)",-0.093951,-0.29842,0.77149,0.9125
"lignoceroylcarnitine (C24)*",-0.093898,-0.29825,0.77162,0.9125
"carnitine",-0.092818,-0.29479,0.77418,0.91361
"4-hydroxyglutamate",0.092547,0.29392,0.77483,0.91361
"N-carbamoylaspartate",0.092136,0.2926,0.77581,0.91361
"2-palmitoleoyl-GPI (16:1)*",0.090972,0.28888,0.77858,0.9138
"mannose",0.090946,0.28879,0.77864,0.9138
"erythrose 4-phosphate",0.090699,0.288,0.77923,0.9138
"lyxonate",0.088589,0.28125,0.78425,0.91394
"1-stearoyl-2-docosahexaenoyl-GPE (18:0/22:6)*",-0.087593,-0.27806,0.78663,0.91394
"UDP-glucose",-0.087534,-0.27787,0.78677,0.91394
"docosadienoylcarnitine (C22:2)*",0.087475,0.27768,0.78691,0.91394
"N-myristoyltaurine*",0.087441,0.27758,0.78699,0.91394
"malate",0.086954,0.27602,0.78815,0.91394
"valylglycine",0.086916,0.2759,0.78824,0.91394
"tyrosine",0.086577,0.27481,0.78905,0.91394
"mannonate*",0.086552,0.27473,0.78911,0.91394
"N6-acetyllysine",0.085669,0.27191,0.79122,0.91512
"4-hydroxy-nonenal-glutathione",-0.085198,-0.2704,0.79235,0.91517
"corticosterone",-0.084619,-0.26855,0.79373,0.91551
"leucylglutamine*",-0.084147,-0.26704,0.79486,0.91556
"1-palmitoyl-2-palmitoleoyl-GPC (16:0/16:1)*",-0.082577,-0.26203,0.79862,0.91774
"1-oleoyl-2-arachidonoyl-GPI (18:1/20:4)*",-0.082395,-0.26144,0.79906,0.91774
"behenoylcarnitine (C22)*",0.081991,0.26015,0.80002,0.91774
"3-hydroxypalmitate",-0.080008,-0.25382,0.80478,0.92193
"adenosine 3',5'-cyclic monophosphate (cAMP)",-0.077481,-0.24576,0.81084,0.92571
"gamma-glutamylleucine",0.077419,0.24556,0.81099,0.92571
"aconitate [cis or trans]",0.07726,0.24505,0.81137,0.92571
"N-palmitoyltaurine",0.0757,0.24007,0.81512,0.92785
"1-stearoyl-2-docosahexaenoyl-GPC (18:0/22:6)",-0.075566,-0.23964,0.81545,0.92785
"N6,N6,N6-trimethyllysine",-0.074319,-0.23567,0.81844,0.9289
"Isobar: hexose diphosphates",-0.074245,-0.23543,0.81862,0.9289
"N-acetyltryptophan",0.073641,0.23351,0.82008,0.9289
"1-methyl-4-imidazoleacetate",-0.073349,-0.23258,0.82078,0.9289
"2'-O-methyluridine",0.072728,0.2306,0.82228,0.92934
"cis-3,4-methyleneheptanoylcarnitine",0.072069,0.2285,0.82387,0.92989
"1-margaroyl-2-linoleoyl-GPC (17:0/18:2)*",0.071284,0.226,0.82576,0.93077
"cytosine",0.070405,0.22319,0.82788,0.93192
"5'- GMP",-0.069045,-0.21886,0.83116,0.93268
"3-hydroxyoleate*",0.068664,0.21765,0.83208,0.93268
"pyruvate",-0.068179,-0.2161,0.83325,0.93268
"nervonoylcarnitine (C24:1)*",0.068112,0.21589,0.83341,0.93268
"5-oxoproline",-0.067425,-0.2137,0.83507,0.93268
"stearoyl-arachidonoyl-glycerol (18:0/20:4) [1]*",-0.067373,-0.21354,0.8352,0.93268
"laurylcarnitine (C12)",-0.066105,-0.2095,0.83826,0.93486
"1-pentadecanoylglycerol (15:0)",0.064849,0.2055,0.8413,0.93701
"1-palmitoyl-2-linoleoyl-GPG (16:0/18:2)",-0.062628,-0.19844,0.84668,0.94162
"1-oleoyl-2-docosahexaenoyl-GPE (18:1/22:6)*",-0.062159,-0.19695,0.84782,0.94162
"1-behenoyl-GPC (22:0)",-0.061383,-0.19448,0.8497,0.94162
"2-methylserine",0.061291,0.19419,0.84992,0.94162
"3'-dephospho-acetyl-CoA",-0.060411,-0.19139,0.85205,0.94274
"linoleoyl-docosahexaenoyl-glycerol (18:2/22:6) [1]*",-0.058942,-0.18672,0.85562,0.94545
"UDP-galactose",-0.05748,-0.18207,0.85917,0.9457
"1-stearoyl-2-linoleoyl-GPI (18:0/18:2)",-0.056327,-0.17841,0.86197,0.9457
"phenylalanylglycine",-0.055987,-0.17732,0.86279,0.9457
"palmitoyl-linolenoyl-glycerol (16:0/18:3) [2]*",0.055816,0.17678,0.86321,0.9457
"X-12101",0.055568,0.17599,0.86381,0.9457
"decanoylcarnitine (C10)",-0.055406,-0.17548,0.86421,0.9457
"histamine",-0.055153,-0.17467,0.86482,0.9457
"3,4-dihydroxybutyrate",-0.055114,-0.17455,0.86492,0.9457
"maltitol/lactitol/cellobiotol/palatinol",-0.054287,-0.17192,0.86693,0.9457
"galactitol (dulcitol)",0.05422,0.17171,0.86709,0.9457
"ceramide (d18:1/14:0, d16:1/16:0)*",0.053365,0.169,0.86917,0.9457
"choline",0.053134,0.16826,0.86973,0.9457
"2-myristoyl-GPC (14:0)*",-0.052841,-0.16733,0.87045,0.9457
"butenoylcarnitine (C4:1)",-0.051368,-0.16265,0.87403,0.94707
"glutamate, gamma-methyl ester",-0.050915,-0.16122,0.87513,0.94707
"2-hydroxyadipate",0.050906,0.16119,0.87516,0.94707
"glycerate",-0.050474,-0.15982,0.87621,0.94707
"creatinine",-0.049401,-0.15641,0.87882,0.9484
"1-(1-enyl-palmitoyl)-2-docosahexaenoyl-GPC (P-16:0/22:6)*",-0.048781,-0.15444,0.88033,0.9484
"N-behenoyl-sphingadienine (d18:2/22:0)*",-0.048458,-0.15342,0.88112,0.9484
"3-hydroxydecanoate",0.04802,0.15203,0.88219,0.9484
"succinoyltaurine",0.047657,0.15088,0.88307,0.9484
"1-pentadecanoyl-2-linoleoyl-GPC (15:0/18:2)*",0.042737,0.13527,0.89508,0.95857
"1-oleoylglycerol (18:1)",-0.042387,-0.13416,0.89594,0.95857
"2,3-dihydroxy-2-methylbutyrate",0.04238,0.13414,0.89595,0.95857
"palmitoyl-arachidonoyl-glycerol (16:0/20:4) [1]*",-0.04085,-0.12929,0.89969,0.96018
"1-palmitoyl-2-eicosapentaenoyl-GPC (16:0/20:5)*",-0.04083,-0.12922,0.89974,0.96018
"beta-hydroxyisovalerate",-0.039755,-0.12582,0.90237,0.96057
"N-stearoyl-sphingadienine (d18:2/18:0)*",0.039747,0.12579,0.90239,0.96057
"sphingadienine",0.038964,0.12331,0.90431,0.96079
"galactose 1-phosphate",0.038358,0.12139,0.90579,0.96079
"UMP",0.0379,0.11994,0.90691,0.96079
"margaroylcarnitine (C17)*",0.037798,0.11961,0.90716,0.96079
"dihomo-linoleoylcarnitine (C20:2)*",0.036668,0.11603,0.90992,0.96251
"N-acetylisoleucine",-0.03158,-0.099913,0.92239,0.97447
"ATP",0.029652,0.093808,0.92711,0.97768
"dihydroxyacetone phosphate (DHAP)",-0.029096,-0.092047,0.92848,0.97768
"linoleoyl ethanolamide",-0.028492,-0.090136,0.92996,0.97768
"fructose",-0.028445,-0.089987,0.93007,0.97768
"serine",0.02688,0.085034,0.93391,0.98049
"1-stearoyl-2-arachidonoyl-GPC (18:0/20:4)",0.025936,0.082045,0.93623,0.9817
"stachydrine",-0.024749,-0.078288,0.93914,0.98353
"acetylphosphate",-0.023639,-0.074773,0.94187,0.98516
"N6,N6-dimethyllysine",-0.021254,-0.067225,0.94773,0.98635
"tetradecadienoate (14:2)*",0.020665,0.065364,0.94917,0.98635
"1-stearoyl-2-oleoyl-GPC (18:0/18:1)",-0.020336,-0.06432,0.94998,0.98635
"gamma-glutamylphenylalanine",-0.020291,-0.06418,0.95009,0.98635
"2-methylbutyrylcarnitine (C5)",-0.019907,-0.062965,0.95103,0.98635
"N-acetylaspartate (NAA)",-0.019765,-0.062514,0.95139,0.98635
"gamma-glutamylglutamate",-0.01934,-0.06117,0.95243,0.98635
"N-lactoyl leucine",-0.019287,-0.061003,0.95256,0.98635
"2-hydroxyglutarate",0.018885,0.05973,0.95355,0.98635
"phosphopantetheine",-0.018131,-0.057345,0.9554,0.98698
"valylglutamine",-0.01735,-0.054872,0.95732,0.98698
"sphingomyelin (d18:2/16:0, d18:1/16:1)*",0.017052,0.053932,0.95805,0.98698
"fructose 6-phosphate",-0.01673,-0.052912,0.95884,0.98698
"palmitoleoylcarnitine (C16:1)*",0.015239,0.048194,0.96251,0.98779
"1-linolenoyl-GPG (18:3)*",0.014156,0.044771,0.96517,0.98779
"1-stearoyl-2-docosapentaenoyl-GPC (18:0/22:5n3)*",-0.014081,-0.044531,0.96536,0.98779
"1-lignoceroyl-GPC (24:0)",-0.01389,-0.043929,0.96583,0.98779
"1-palmityl-2-palmitoyl-GPC (O-16:0/16:0)*",0.0138,0.043645,0.96605,0.98779
"palmitoyl ethanolamide",0.013261,0.041938,0.96737,0.98779
"N-acetylglutamate",0.012956,0.040975,0.96812,0.98779
"maltose",-0.012592,-0.039823,0.96902,0.98779
"guanine",-0.0097494,-0.030832,0.97601,0.99275
"meadoylcarnitine (C20:3n9)*",-0.0096566,-0.030538,0.97624,0.99275
"kynurenine",-0.0083809,-0.026504,0.97938,0.99422
"hydroxy-N6,N6,N6-trimethyllysine*",0.0081084,0.025642,0.98005,0.99422
"mannose 6-phosphate",0.0065959,0.020858,0.98377,0.99516
"tetracosadienoylcarnitine (C24:2)*",0.0058723,0.01857,0.98555,0.99516
"guanidinoacetate",-0.0055803,-0.017647,0.98627,0.99516
"1-palmitoleoyl-2-linoleoyl-GPC (16:1/18:2)*",-0.0052406,-0.016572,0.9871,0.99516
"myristoylcarnitine (C14)",-0.0046695,-0.014766,0.98851,0.99516
"1-stearoyl-2-arachidonoyl-GPI (18:0/20:4)",-0.0043514,-0.013761,0.98929,0.99516
"glucose 6-phosphate",0.0042738,0.013515,0.98948,0.99516
"10-undecenoate (11:1n1)",0.0034788,0.011001,0.99144,0.99516
"glucosamine 6-phosphate",0.0034086,0.010779,0.99161,0.99516
"palmitoyl-linoleoyl-glycerol (16:0/18:2) [1]*",0.002652,0.0083865,0.99347,0.99556
"creatine phosphate",0.0022858,0.0072283,0.99437,0.99556
"N1-methyl-2-pyridone-5-carboxamide",-0.00023592,-0.00074605,0.99942,0.99942
