"","Overall"
"X-07765",100
"3-hydroxy-2-ethylpropionate",68.24
"alpha-hydroxyisovalerate",66.317
"N,N-dimethylalanine",63.506
"tauro-beta-muricholate",60.059
"2-hydroxy-3-methylvalerate",58.869
"taurochenodeoxycholate",55.489
"2S,3R-dihydroxybutyrate",53.51
"glutamine_degradant*",52.245
"imidazole lactate",50.488
"X-22767",49.18
"1-methylhistidine",46.675
"1-dihomo-linolenoyl-GPC (20:3n3 or 6)*",45.996
"2,4-dihydroxybutyrate",45.311
"N-acetyl-aspartyl-glutamate (NAAG)",44.22
"CoA-glutathione*",42.933
"pipecolate",39.236
"phenol sulfate",38.243
"7-HOCA",38.157
"taurocholate",37.803
"arachidonoyl CoA",37.74
"N6-methyllysine",37.348
"12-HETE",36.736
"docosatrienoate (22:3n6)*",36.378
"trizma acetate",35.713
"1-stearoyl-GPS (18:0)*",35.626
"2-hydroxybutyrate/2-hydroxyisobutyrate",35.043
"acetyl-CoA",34.534
"2'-AMP",34.176
"CoA",32.662
"NADH",32.133
"N-acetyl-2-aminooctanoate*",31.647
"adenosine 5'-diphosphoribose (ADP-ribose)",31.51
"4-imidazoleacetate",30.685
"ribulose/xylulose",30.587
"leucylalanine",30.181
"nisinate (24:6n3)",29.989
"sphingomyelin (d18:1/22:1, d18:2/22:0, d16:1/24:1)*",29.279
"cholate",29.103
"1-methyl-5-imidazolelactate",28.796
"adenosine",28.765
"2R,3R-dihydroxybutyrate",28.365
"1-methyl-5-imidazoleacetate",28.359
"anserine",27.235
"beta-muricholate",26.877
"1-eicosenoyl-GPE (20:1)*",26.573
"3-hydroxybutyryl CoA",26.563
"nicotinamide N-oxide",26.235
"formiminoglutamate",26.035
"docosapentaenoate (DPA; 22:5n3)",25.193
"2'-deoxyuridine",25.089
"docosapentaenoate (n6 DPA; 22:5n6)",24.796
"N,N,N-trimethyl-5-aminovalerate",24.737
"3-decenoylcarnitine",24.594
"p-cresol sulfate",24.505
"NAD+",24.423
"1-arachidoyl-GPC (20:0)",24.408
"retinol (vitamin A)",24.232
"X-15161",24.136
"butyrate/isobutyrate (4:0)",24.005
"3'-dephospho-CoA-glutathione*",23.804
"3'-dephosphocoenzyme A",23.787
"ergothioneine",23.515
"palmitoyl-linolenoyl-glycerol (16:0/18:3) [2]*",23.502
"1-dihomo-linolenoyl-GPE (20:3n3 or 6)*",23.452
"1-ribosyl-imidazoleacetate*",23.435
"isovalerylglycine",22.995
"3-ureidopropionate",22.977
"2-aminooctanoate",22.958
"sedoheptulose-7-phosphate",22.872
"1-oleoyl-2-linoleoyl-GPI (18:1/18:2)*",22.688
"2'-deoxyadenosine",22.607
"dihomolinolenate (20:3n3 or 3n6)",22.349
"2,3-dihydroxy-5-methylthio-4-pentenoate (DMTPA)*",22.275
"phenylacetylglycine",22.189
"maltotriose",22.004
"1-nonadecanoyl-GPC (19:0)",21.953
"homoarginine",21.89
"sucrose",21.646
"carnosine",21.371
"cis-4-decenoylcarnitine (C10:1)",21.344
"acetylcarnitine (C2)",21.219
"butyryl/isobutyryl CoA",21.034
"docosatrienoate (22:3n3)",20.984
"2-phosphoglycerate",20.833
"bicine",20.655
"3-hydroxydecanoylcarnitine",20.406
"S-(1,2-dicarboxyethyl)glutathione",20.213
"tauroursodeoxycholate",20.139
"adrenate (22:4n6)",20.044
"mead acid (20:3n9)",19.875
"1-nisinoyl-GPC (24:6)*",19.752
"2,3-dihydroxyisovalerate",19.744
"X-11787",19.678
"2-aminoheptanoate",19.582
"1-stearyl-2-arachidonoyl-GPC (O-18:0/20:4)*",19.333
"oleoyl CoA",19.249
"X-11612",19.19
"4-methylcatechol sulfate",19.114
"2-stearoyl-GPE (18:0)*",19.002
"1-palmitoyl-GPG (16:0)*",18.999
"NADHX*",18.697
"1-eicosapentaenoyl-GPC (20:5)*",18.696
"1-eicosadienoyl-GPC* (20:2)*",18.694
"1-oleoyl-GPC (18:1)",18.581
"N-acetylmethionine sulfoxide",18.456
"hexanoylcarnitine (C6)",18.323
"serotonin",18.321
"taurodeoxycholate",18.229
"maltotetraose",18.212
"X-22162",18.024
"succinylcarnitine (C4-DC)",17.999
"2-myristoylglycerol (14:0)",17.887
"10-heptadecenoate (17:1n7)",17.68
"1-(1-enyl-palmitoyl)-GPC (P-16:0)*",17.64
"orotate",17.624
"X-12015",17.586
"3-methylhistidine",17.579
"histidine methyl ester",17.542
"5-hydroxylysine",17.489
"docosahexaenoate (DHA; 22:6n3)",17.387
"uracil",17.254
"2-heptadecenoylglycerol (17:1)*",17.119
"1-arachidonoyl-GPC (20:4n6)*",17.116
"ribose",17.087
"X-12104",17.062
"linoleoyl-linolenoyl-glycerol (18:2/18:3) [2]*",16.955
"6-phosphogluconate",16.934
"1-(1-enyl-oleoyl)-GPE (P-18:1)*",16.925
"1-eicosenoyl-GPC (20:1)*",16.76
"1-oleoyl-GPE (18:1)",16.715
"1-linoleoyl-GPE (18:2)*",16.544
"3-hydroxyoctanoylcarnitine (1)",16.474
"palmitoleate (16:1n7)",16.44
"nicotinamide ribonucleotide (NMN)",16.417
"sphingosine 1-phosphate",16.388
"arabitol/xylitol",16.377
"stearoylcholine*",16.368
"1-arachidonoyl-GPE (20:4n6)*",16.32
"3-phosphoglycerate",16.296
"thymine",16.24
"2-docosahexaenoylglycerol (22:6)*",16.211
"heneicosapentaenoate (21:5n3)",16.157
"X-14056",16.096
"hydroxyproline",16.023
"N-monomethylarginine",15.998
"N6-carboxymethyllysine",15.983
"AICA ribonucleotide",15.976
"1-dihomo-linoleoylglycerol (20:2)",15.932
"taurocyamine",15.875
"2-linoleoylglycerol (18:2)",15.861
"ophthalmate",15.789
"N-acetylmethionine",15.682
"dihomo-linolenoylcarnitine (C20:3n3 or 6)*",15.62
"glutathione, reduced (GSH)",15.459
"gamma-tocopherol/beta-tocopherol",15.438
"p-cresol glucuronide*",15.386
"5-dodecenoylcarnitine (C12:1)",15.349
"1-margaroyl-GPE (17:0)*",15.298
"nonadecanoate (19:0)",15.264
"linoleoylcholine*",15.239
"N-glycolylneuraminate",15.22
"2-arachidonoylglycerol (20:4)",15.168
"ceramide (d18:2/24:1, d18:1/24:2)*",15.166
"butyrylcarnitine (C4)",15.13
"10-nonadecenoate (19:1n9)",15.103
"pyridoxate",15.095
"X-11615",15.032
"1-stearoyl-GPG (18:0)",15.009
"maleate",14.988
"glycerophosphorylcholine (GPC)",14.912
"taurohyodeoxycholic acid",14.859
"succinate",14.734
"1-stearoyl-2-dihomo-linolenoyl-GPC (18:0/20:3n3 or 6)*",14.659
"phosphoenolpyruvate (PEP)",14.591
"2-oleoylglycerol (18:1)",14.554
"1-stearoyl-GPE (18:0)",14.531
"1-docosahexaenoyl-GPC (22:6)*",14.51
"3-hydroxyoctanoylcarnitine (2)",14.499
"1-palmityl-2-stearoyl-GPC (O-16:0/18:0)*",14.489
"1-linoleoyl-GPC (18:2)",14.44
"1-palmitoleoyl-GPC (16:1)*",14.417
"arachidonate (20:4n6)",14.392
"linoleate (18:2n6)",14.385
"1-adrenoyl-GPC (22:4)*",14.297
"eicosenoate (20:1n9 or 1n11)",14.284
"glucose",14.225
"3'-AMP",14.209
"AMP",14.172
"erythronate*",13.963
"gamma-glutamylisoleucine*",13.862
"glycerol 3-phosphate",13.723
"1-pentadecanoyl-GPC (15:0)*",13.585
"sedoheptulose",13.547
"N6-succinyladenosine",13.426
"orotidine",13.407
"2-hydroxydecanoate",13.374
"1-palmitoleoyl-GPI (16:1)*",13.351
"octanoylcarnitine (C8)",13.301
"(14 or 15)-methylpalmitate (a17:0 or i17:0)",13.293
"trans-urocanate",13.29
"dihomolinoleate (20:2n6)",13.277
"2-hydroxyoctanoate",13.267
"2-hydroxystearate",13.239
"palmitoylcholine",13.177
"2-stearoyl-GPI (18:0)*",13.069
"gamma-glutamylglutamine",13.041
"margarate (17:0)",12.908
"glycerophosphoglycerol",12.89
"oleoylcholine",12.812
"18-methylnonadecanoate (i20:0)",12.788
"oleate/vaccenate (18:1)",12.706
"2-palmitoyl-GPC (16:0)*",12.703
"propionylcarnitine (C3)",12.691
"glycerophosphoethanolamine",12.685
"1-heptadecenoylglycerol (17:1)*",12.44
"N-(ADP-ribosyl)-arginine (2)*",12.41
"pantothenate (Vitamin B5)",12.398
"thiamin (vitamin B1)",12.357
"thymidine",12.312
"aspartylaspartate",12.306
"1-stearoyl-2-dihomo-linolenoyl-GPE (18:0/20:3n3 or 6)*",12.271
"(2 or 3)-decenoate (10:1n7 or n8)",12.217
"gamma-glutamylthreonine",12.158
"1-oleoyl-GPG (18:1)*",12.076
"hexanoylglycine (C6)",12.072
"1-docosahexaenoylglycerol (22:6)",12.037
"oleoyl ethanolamide",12.022
"isovalerylcarnitine (C5)",11.993
"3-hydroxyarachidate*",11.892
"docosadienoate (22:2n6)",11.89
"1-methylhistamine",11.83
"N-(ADP-ribosyl)-arginine (1)*",11.83
"5-methylcytidine",11.78
"stearate (18:0)",11.714
"2-O-methylascorbic acid",11.706
"1-linolenoylglycerol (18:3)",11.661
"1-stearoyl-2-meadoyl-GPC (18:0/20:3n9)*",11.628
"inosine 5'-monophosphate (IMP)",11.593
"1-palmityl-GPC (O-16:0)",11.542
"hexadecatrienoate (16:3n3)",11.487
"uridine 5'-diphosphate (UDP)",11.475
"myristate (14:0)",11.473
"1-(1-enyl-palmitoyl)-2-linoleoyl-GPC (P-16:0/18:2)*",11.468
"4-HDoHE",11.435
"succinylglutamine",11.421
"gamma-glutamylhistidine",11.402
"glucuronate",11.388
"gluconate",11.262
"1-palmitoyl-GPE (16:0)",11.246
"N-stearoyltaurine",11.173
"1-palmitoyl-2-arachidonoyl-GPI (16:0/20:4)*",11.172
"sphingomyelin (d18:1/24:1, d18:2/24:0)*",11.06
"lignoceroyl sphingomyelin (d18:1/24:0)",11.014
"pentadecanoate (15:0)",11.003
"3-indoxyl sulfate",10.934
"X-26106",10.929
"palmitoleoyl ethanolamide*",10.915
"erucate (22:1n9)",10.902
"linoleoylcarnitine (C18:2)*",10.89
"1,2-dipalmitoyl-GPG (16:0/16:0)",10.864
"2'-deoxyguanosine",10.829
"5,6-dihydrouridine",10.818
"linolenate (18:3n3 or 3n6)",10.79
"1-linoleoyl-2-arachidonoyl-GPE (18:2/20:4)*",10.765
"X-12100",10.762
"indolelactate",10.758
"palmitate (16:0)",10.746
"1-(1-enyl-palmitoyl)-GPE (P-16:0)*",10.745
"oxindolylalanine",10.708
"(16 or 17)-methylstearate (a19:0 or i19:0)",10.664
"1-linolenoyl-GPC (18:3)*",10.579
"citrate",10.541
"1-palmitoyl-GPC (16:0)",10.506
"tiglyl carnitine (C5)",10.458
"myristoylcholine*",10.418
"N-oleoyltaurine",10.39
"O-sulfo-tyrosine",10.375
"N-acetylserine",10.37
"eicosapentaenoate (EPA; 20:5n3)",10.357
"phenyllactate (PLA)",10.331
"N-acetylglucosamine/N-acetylgalactosamine",10.314
"4-cholesten-3-one",10.26
"N1-methyl-4-pyridone-3-carboxamide",10.223
"propionyl CoA",10.186
"sebacate (C10-DC)",10.181
"docosatrienoylcarnitine (C22:3)*",10.158
"1-palmityl-GPE (O-16:0)*",10.15
"14-HDoHE/17-HDoHE",10.09
"N-acetyltyrosine",10.082
"glycosyl-N-palmitoyl-sphingosine (d18:1/16:0)",10.066
"glycerol",10.042
"(S)-3-hydroxybutyrylcarnitine",10.041
"1-palmitoyl-2-linoleoyl-GPI (16:0/18:2)",9.999
"2'-deoxycytidine",9.9912
"3-methoxytyrosine",9.9825
"argininosuccinate",9.9761
"sphingomyelin (d18:2/24:1, d18:1/24:2)*",9.8825
"1-arachidonoyl-GPI (20:4)*",9.8717
"carboxyethyl-GABA",9.8468
"itaconate",9.8387
"1-linoleoylglycerol (18:2)",9.8008
"1-myristoyl-GPC (14:0)",9.7649
"1-linoleoyl-GPG (18:2)*",9.709
"2-palmitoleoyl-GPC (16:1)*",9.695
"linoleoyl-docosahexaenoyl-glycerol (18:2/22:6) [2]*",9.6555
"3-hydroxyhexanoylcarnitine (2)",9.5785
"spermidine",9.5438
"13-HODE + 9-HODE",9.5416
"hexadecadienoate (16:2n6)",9.4679
"N-palmitoyl-sphingadienine (d18:2/16:0)*",9.4634
"sphingomyelin (d18:2/23:0, d18:1/23:1, d17:1/24:1)*",9.4619
"sphingomyelin (d18:1/22:2, d18:2/22:1, d16:1/24:2)*",9.4531
"arachidate (20:0)",9.4457
"ascorbate (vitamin C)",9.4231
"3-hydroxyisobutyrate",9.3211
"3-hydroxyoleoylcarnitine",9.301
"prolylalanine",9.2739
"1-linoleoyl-GPI* (18:2)*",9.241
"docosahexaenoylcarnitine (C22:6)*",9.2106
"2-aminoadipate",9.12
"O-methyltyrosine",9.0493
"allantoin",8.938
"1-(1-enyl-palmitoyl)-2-oleoyl-GPE (P-16:0/18:1)*",8.9318
"1-arachidonylglycerol (20:4)",8.9009
"N-acetylglutamine",8.8446
"betaine",8.8297
"N-arachidonoyltaurine",8.8081
"tricosanoyl sphingomyelin (d18:1/23:0)*",8.7974
"butyrylglycine (C4)",8.7921
"1-linoleoyl-GPS (18:2)*",8.7839
"adenylosuccinate",8.7712
"X-15461",8.757
"1-(1-enyl-palmitoyl)-2-linoleoyl-GPE (P-16:0/18:2)*",8.7371
"4-hydroxynonenal",8.7366
"putrescine",8.7212
"gamma-aminobutyrate (GABA)",8.6774
"linoleoyl-linoleoyl-glycerol (18:2/18:2) [2]*",8.6419
"inositol 1-phosphate (I1P)",8.6214
"2-hydroxyheptanoate*",8.5147
"pseudouridine",8.5013
"N-acetylarginine",8.4986
"hypoxanthine",8.4609
"acetylcholine",8.4205
"X-15136",8.4161
"2'-deoxyadenosine 5'-monophosphate",8.3986
"1,2-dilinoleoyl-GPE (18:2/18:2)*",8.3873
"Isobar: hexose diphosphates",8.3698
"pyridoxamine",8.3692
"xanthine",8.3668
"N-linoleoyltaurine*",8.3206
"homocitrulline",8.2969
"1-stearoyl-2-docosahexaenoyl-GPI (18:0/22:6)*",8.2711
"lysine",8.2015
"12-HHTrE",8.1845
"1-stearoyl-GPI (18:0)",8.157
"gamma-glutamylvaline",8.1519
"2-palmitoleoylglycerol (16:1)*",8.1294
"1,2-dilinolenoyl-GPC (18:3/18:3)*",8.1274
"valylleucine",8.1269
"inosine",8.0606
"myo-inositol",8.026
"4-hydroxybutyrate (GHB)",7.9652
"N-acetylglucosamine 6-phosphate",7.9599
"heme",7.9048
"ribitol",7.8431
"N-palmitoleoyltaurine*",7.8097
"2-palmitoylglycerol (16:0)",7.7558
"adenosine 3',5'-diphosphate",7.7457
"hexadecasphingosine (d16:1)*",7.7027
"palmitoloelycholine",7.6933
"myristoleate (14:1n5)",7.6637
"3-hydroxyoctanoate",7.6423
"S-adenosylhomocysteine (SAH)",7.6151
"1,5-anhydroglucitol (1,5-AG)",7.5467
"1-palmitoleoyl-2-linolenoyl-GPC (16:1/18:3)*",7.4994
"salicylate",7.4883
"palmitoyl-docosahexaenoyl-glycerol (16:0/22:6) [2]*",7.4477
"N-acetylasparagine",7.4445
"1-palmitoleoyl-GPE (16:1)*",7.4165
"sphinganine",7.3456
"isoleucylhydroxyproline*",7.3279
"quinate",7.327
"gamma-glutamyl-alpha-lysine",7.2237
"(R)-3-hydroxybutyrylcarnitine",7.1777
"X-22918",7.1754
"glycylleucine",7.156
"C-glycosyltryptophan",7.1404
"pentadecanoylcarnitine (C15)*",7.1313
"methylsuccinate",7.1218
"glycylproline",7.1107
"1-methylguanidine",7.1085
"linoleoyl-arachidonoyl-glycerol (18:2/20:4) [2]*",7.0576
"UDP-glucose",7.0513
"stearoyl-arachidonoyl-glycerol (18:0/20:4) [1]*",7.0352
"stearoyl ethanolamide",7.0276
"3-hydroxyadipate",7.0174
"myristoleoylcarnitine (C14:1)*",6.9586
"1-palmitoleoylglycerol (16:1)*",6.8954
"prolylglycine",6.87
"2'-deoxyinosine",6.8577
"3-methylglutaconate",6.8546
"alpha-ketoglutarate",6.8416
"prolylproline",6.8369
"1-stearoyl-2-dihomo-linolenoyl-GPS (18:0/20:3n3 or 6)*",6.8322
"malonylcarnitine",6.8224
"UDP-galactose",6.7976
"glutamate",6.7696
"1-arachidoyl-2-arachidonoyl-GPC (20:0/20:4)*",6.7315
"ascorbic acid 3-sulfate*",6.6746
"3-aminoisobutyrate",6.6399
"1-(1-enyl-stearoyl)-GPE (P-18:0)*",6.611
"imidazole propionate",6.5974
"1-linoleoyl-2-arachidonoyl-GPC (18:2/20:4n6)*",6.5962
"3-hydroxy-3-methylglutarate",6.5961
"isoleucylglycine",6.5519
"X-11580",6.5417
"X-22773",6.5253
"3-hydroxyoleate*",6.5147
"N-acetylhistidine",6.4848
"o-tyrosine",6.4843
"maltitol/lactitol/cellobiotol/palatinol",6.4776
"methylsuccinoylcarnitine",6.375
"N-acetylleucine",6.3616
"X-10457",6.3572
"mannose",6.3427
"1-(1-enyl-stearoyl)-2-docosahexaenoyl-GPC (P-18:0/22:6)*",6.3077
"trimethylamine N-oxide",6.3008
"S-methylglutathione",6.2786
"methylphosphate",6.2208
"1-stearoyl-2-oleoyl-GPS (18:0/18:1)",6.1877
"galactonate",6.1726
"1-oleoyl-2-arachidonoyl-GPE (18:1/20:4)*",6.1543
"N-acetyl-beta-alanine",6.1271
"1-myristoyl-2-palmitoyl-GPC (14:0/16:0)",6.1215
"1-oleoyl-2-arachidonoyl-GPI (18:1/20:4)*",6.1185
"ribonate",6.1163
"trigonelline (N'-methylnicotinate)",6.1105
"1-palmitoyl-GPI (16:0)",6.1053
"1-palmityl-2-linoleoyl-GPC (O-16:0/18:2)*",6.1015
"1-linoleoyl-2-linolenoyl-GPC (18:2/18:3)*",6.0716
"ceramide (d18:1/17:0, d17:1/18:0)*",6.056
"3-(4-hydroxyphenyl)lactate (HPLA)",6.0502
"1-stearoyl-2-dihomo-linolenoyl-GPI (18:0/20:3n3 or 6)*",6.0499
"erucoylcarnitine (C22:1)*",6.0482
"S-adenosylmethionine (SAM)",6.0333
"1-myristoylglycerol (14:0)",5.9792
"1-oleoyl-GPI (18:1)",5.9107
"1-stearoyl-2-linoleoyl-GPG (18:0/18:2)*",5.8838
"hydroxypalmitoyl sphingomyelin (d18:1/16:0(OH))**",5.8736
"1-methyladenosine",5.8729
"1-(1-enyl-stearoyl)-2-docosahexaenoyl-GPE (P-18:0/22:6)*",5.8532
"gulonate*",5.8474
"X-26108",5.8436
"cystathionine",5.8431
"nervonoylcarnitine (C24:1)*",5.8325
"N,N-dimethyl-pro-pro",5.8265
"tetracosadienoylcarnitine (C24:2)*",5.8219
"1-palmitoyl-2-gamma-linolenoyl-GPC (16:0/18:3n6)*",5.8214
"glycylvaline",5.8178
"thiamin diphosphate",5.8124
"docosadienoylcarnitine (C22:2)*",5.7871
"docosahexaenoyl ethanolamide",5.7458
"thiamin monophosphate",5.7381
"1-stearoyl-GPC (18:0)",5.7045
"N-acetyltryptophan",5.6702
"1,2-distearoyl-GPC (18:0/18:0)",5.6638
"erythrose 4-phosphate",5.6347
"5-methyluridine (ribothymidine)",5.5988
"eicosenoylcarnitine (C20:1)*",5.5966
"1-methylnicotinamide",5.5888
"stearidonate (18:4n3)",5.559
"dehydroascorbate",5.5558
"X-21788",5.4988
"arabonate/xylonate",5.4946
"behenoyl sphingomyelin (d18:1/22:0)*",5.4638
"ceramide (d18:1/20:0, d16:1/22:0, d20:1/18:0)*",5.4433
"oleoyl-oleoyl-glycerol (18:1/18:1) [2]*",5.4067
"cis-3,4-methyleneheptanoylcarnitine",5.4029
"cytidine 5'-monophospho-N-acetylneuraminic acid",5.3994
"S-1-pyrroline-5-carboxylate",5.3975
"ADP",5.3922
"1-stearoyl-2-oleoyl-GPE (18:0/18:1)",5.3795
"xanthosine",5.3597
"cholesterol sulfate",5.3586
"methionine sulfone",5.3459
"cysteine",5.3018
"X-23739",5.2811
"3-hydroxyglutarate",5.2748
"oleoyl-linoleoyl-glycerol (18:1/18:2) [2]",5.238
"hexadecanedioate (C16)",5.2367
"sphingomyelin (d18:1/18:1, d18:2/18:0)",5.2082
"1-methyl-4-imidazoleacetate",5.2006
"oleoylcarnitine (C18:1)",5.1975
"behenoylcarnitine (C22)*",5.1965
"UDP-N-acetylglucosamine/galactosamine",5.1827
"laurate (12:0)",5.1544
"catechol sulfate",5.1462
"12,13-DiHOME",5.1452
"methionine sulfoxide",5.1029
"thioproline",5.1015
"4-guanidinobutanoate",5.0504
"1-docosahexaenoyl-GPE (22:6)*",4.976
"N-palmitoyl-sphingosine (d18:1/16:0)",4.9744
"stearoylcarnitine (C18)",4.9739
"acetylphosphate",4.9697
"proline",4.948
"N-myristoyltaurine*",4.9409
"1-margaroylglycerol (17:0)",4.9276
"1-stearyl-GPC (O-18:0)*",4.8934
"valylglycine",4.8809
"laurylcarnitine (C12)",4.8639
"tetradecanedioate (C14)",4.8274
"X-26107",4.7929
"arachidoylcarnitine (C20)*",4.7913
"gamma-glutamyl-epsilon-lysine",4.7832
"X-10445",4.7653
"3-hydroxyhexanoate",4.7581
"ethyl beta-glucopyranoside",4.7365
"1-palmitoyl-2-arachidonoyl-GPE (16:0/20:4)*",4.7297
"leucine",4.7008
"1-stearoyl-2-linoleoyl-GPE (18:0/18:2)*",4.676
"sphingomyelin (d18:1/21:0, d17:1/22:0, d16:1/23:0)*",4.676
"1-margaroyl-2-oleoyl-GPC (17:0/18:1)*",4.6759
"pyridoxamine phosphate",4.6744
"1-(1-enyl-stearoyl)-2-arachidonoyl-GPE (P-18:0/20:4)*",4.6696
"hypotaurine",4.6386
"stearoyl-docosahexaenoyl-glycerol (18:0/22:6) [2]*",4.6383
"cysteine-glutathione disulfide",4.5916
"nicotinamide riboside",4.5783
"X-12798",4.5635
"phenylalanylalanine",4.5572
"3-hydroxystearate",4.5506
"sphingomyelin (d18:1/20:1, d18:2/20:0)*",4.5244
"16-hydroxypalmitate",4.5147
"1-stearoyl-2-linoleoyl-GPC (18:0/18:2)*",4.5042
"adenine",4.467
"X-21353",4.4573
"adrenoylcarnitine (C22:4)*",4.4199
"3-formylindole",4.4129
"sulfate*",4.3967
"methyl glucopyranoside (alpha + beta)",4.3794
"diacylglycerol (16:1/18:2 [2], 16:0/18:3 [1])*",4.3783
"linoleoyl-linoleoyl-glycerol (18:2/18:2) [1]*",4.3119
"palmitoylcarnitine (C16)",4.3078
"pyridoxal phosphate",4.2936
"palmitoyl-linoleoyl-glycerol (16:0/18:2) [2]*",4.2722
"sphingomyelin (d18:0/20:0, d16:0/22:0)*",4.2692
"1-pentadecanoyl-2-docosahexaenoyl-GPC (15:0/22:6)*",4.222
"dodecadienoate (12:2)*",4.188
"3-hydroxymyristate",4.1638
"deoxycholate",4.1617
"tryptophan",4.1148
"2-arachidonoyl-GPI (20:4)*",4.1024
"N-palmitoyl-sphinganine (d18:0/16:0)",4.0606
"1-oleoyl-2-linoleoyl-GPC (18:1/18:2)*",4.0375
"1-dihomo-linolenylglycerol (20:3)",4.029
"glycerophosphoinositol*",4.0279
"1-palmitoylglycerol (16:0)",4.0276
"phosphatidylcholine (18:0/20:2, 20:0/18:2)*",4.0267
"FAD",3.9865
"pyridoxal",3.9831
"1-(1-enyl-stearoyl)-2-linoleoyl-GPE (P-18:0/18:2)*",3.9805
"1-stearoyl-2-docosahexaenoyl-GPS (18:0/22:6)*",3.9345
"N-acetyl-glucosamine 1-phosphate",3.9147
"biopterin",3.8466
"1,2-dipalmitoyl-GPE (16:0/16:0)*",3.8064
"urea",3.802
"aconitate [cis or trans]",3.8011
"phytosphingosine",3.7973
"N-acetylalanine",3.7956
"N-palmitoyltaurine",3.7697
"CDP-ethanolamine",3.751
"1-oleoyl-2-linoleoyl-GPE (18:1/18:2)*",3.7344
"palmitoyl-oleoyl-glycerol (16:0/18:1) [2]*",3.7085
"2,4-di-tert-butylphenol",3.708
"homoserine",3.6959
"4-hydroxyglutamate",3.6672
"stearoyl sphingomyelin (d18:1/18:0)",3.6563
"1-oleoyl-2-linoleoyl-GPG (18:1/18:2)*",3.5964
"fructosyllysine",3.5828
"caprate (10:0)",3.5828
"5-(galactosylhydroxy)-lysine",3.5758
"hippurate",3.5597
"methionine",3.5249
"1-palmitoyl-2-oleoyl-GPE (16:0/18:1)",3.5098
"fumarate",3.4967
"5-methylthioadenosine (MTA)",3.4945
"1-meadoylglycerol (20:3n9)*",3.4807
"FMN",3.4608
"biliverdin",3.4319
"threonate",3.4196
"stachydrine",3.4132
"3-hydroxyhexanoylcarnitine (1)",3.3605
"beta-hydroxyisovalerate",3.3585
"N-carbamoylaspartate",3.3394
"ornithine",3.3301
"isoleucine",3.3225
"3-hydroxypalmitoylcarnitine",3.3113
"1-palmitoyl-2-pentadecanoyl-GPC (16:0/15:0)*",3.2748
"ribose 1-phosphate",3.27
"cytosine",3.2667
"decanoylcarnitine (C10)",3.2576
"N,N,N-trimethyl-alanylproline betaine (TMAP)",3.227
"mannitol/sorbitol",3.215
"2-methylmalonylcarnitine (C4-DC)",3.1865
"N-acetyltaurine",3.162
"S-lactoylglutathione",3.1549
"tartronate (hydroxymalonate)",3.1394
"tyrosine",3.1373
"1-oleoyl-GPS (18:1)",3.136
"2-oxoarginine*",3.0897
"X-15220",3.0866
"1-palmitoyl-2-docosahexaenoyl-GPC (16:0/22:6)",3.0367
"N-acetylglycine",3.0303
"3-hydroxydecanoate",2.9733
"N-acetylglucosaminylasparagine",2.9661
"1-stearoyl-2-docosapentaenoyl-GPC (18:0/22:5n6)*",2.9465
"1,2-dipalmitoyl-GPC (16:0/16:0)",2.9436
"1-myristoyl-2-arachidonoyl-GPC (14:0/20:4)*",2.9396
"glutarate (C5-DC)",2.9004
"dihydroxyacetone phosphate (DHAP)",2.8964
"1-stearoyl-2-arachidonoyl-GPE (18:0/20:4)",2.8951
"2-methylcitrate/homocitrate",2.8759
"1-palmitoyl-2-palmitoleoyl-GPE (16:0/16:1)*",2.8671
"guanosine",2.8639
"2,6-dihydroxybenzoic acid",2.7988
"kynurenine",2.7675
"sphingomyelin (d18:1/20:0, d16:1/22:0)*",2.7646
"7-methylguanine",2.7266
"UDP-glucuronate",2.7123
"linolenoylcarnitine (C18:3)*",2.6987
"tyrosylglycine",2.6797
"oleoyl-arachidonoyl-glycerol (18:1/20:4) [2]*",2.676
"1-(1-enyl-palmitoyl)-2-docosahexaenoyl-GPC (P-16:0/22:6)*",2.6686
"1-(1-enyl-palmitoyl)-2-oleoyl-GPC (P-16:0/18:1)*",2.6681
"CDP-choline",2.6585
"ethylmalonate",2.6549
"1-palmitoyl-2-docosahexaenoyl-GPE (16:0/22:6)*",2.652
"3-hydroxybutyrate (BHBA)",2.6433
"1-palmitoyl-2-oleoyl-GPI (16:0/18:1)*",2.6347
"corticosterone",2.6306
"1-stearoyl-2-linoleoyl-GPS (18:0/18:2)",2.6268
"1-palmitoyl-2-stearoyl-GPC (16:0/18:0)",2.624
"dodecanedioate (C12)",2.6046
"tetradecadienoate (14:2)*",2.5675
"aspartate",2.5631
"1-linolenoyl-GPG (18:3)*",2.5474
"dimethylglycine",2.5449
"1-palmitoyl-2-linoleoyl-GPC (16:0/18:2)",2.5323
"5-dodecenoate (12:1n7)",2.508
"1,2-dilinoleoyl-GPC (18:2/18:2)",2.481
"sphingomyelin (d18:1/17:0, d17:1/18:0, d19:1/16:0)",2.4551
"homostachydrine*",2.4508
"N-acetylisoleucine",2.4362
"2-palmitoleoyl-GPI (16:1)*",2.4317
"5-methyltetrahydrofolate (5MeTHF)",2.4248
"phenylalanine",2.4099
"citrulline",2.3958
"1-eicosapentaenoylglycerol (20:5)*",2.3899
"alpha-tocopherol",2.3727
"cytidine",2.3652
"(N(1) + N(8))-acetylspermidine",2.3635
"1-margaroyl-2-linoleoyl-GPC (17:0/18:2)*",2.3585
"oxalate (ethanedioate)",2.3464
"1-palmitoyl-2-linoleoyl-GPE (16:0/18:2)",2.3034
"cholesterol",2.2842
"mesaconate (methylfumarate)",2.2751
"sphingomyelin (d18:1/14:0, d16:1/16:0)*",2.2744
"10-undecenoate (11:1n1)",2.2674
"spermine",2.2354
"2,3-dihydroxy-2-methylbutyrate",2.2218
"galactose 1-phosphate",2.2052
"myristoylcarnitine (C14)",2.2049
"N-lactoyl tyrosine",2.2048
"1-oleoyl-2-docosahexaenoyl-GPC (18:1/22:6)*",2.188
"histamine",2.1794
"valylglutamine",2.1776
"N-formylmethionine",2.1764
"threonine",2.1696
"ATP",2.1661
"linoleoyl-docosahexaenoyl-glycerol (18:2/22:6) [1]*",2.1263
"palmitoyl sphingomyelin (d18:1/16:0)",2.1181
"arginine",2.1167
"1-oleoylglycerol (18:1)",2.1007
"pantetheine",2.0952
"N1-methyl-2-pyridone-5-carboxamide",2.0331
"urate",2.0291
"1-palmitoyl-2-eicosapentaenoyl-GPE (16:0/20:5)*",2.0035
"kynurenate",2.0023
"2-hydroxyadipate",1.9911
"histidine",1.9802
"2-myristoyl-GPC (14:0)*",1.9726
"isocitrate",1.9697
"N-acetylphenylalanine",1.9594
"alanine",1.9506
"N-acetylaspartate (NAA)",1.9349
"leucylglycine",1.9294
"9,10-DiHOME",1.9175
"N6-carbamoylthreonyladenosine",1.9105
"sphingomyelin (d18:1/19:0, d19:1/18:0)*",1.9079
"asparagine",1.8983
"1-pentadecanoylglycerol (15:0)",1.8559
"leucylglutamine*",1.8531
"indolepropionate",1.8519
"deoxycarnitine",1.8486
"sphingomyelin (d18:2/21:0, d16:2/23:0)*",1.8481
"palmitoyl-docosahexaenoyl-glycerol (16:0/22:6) [1]*",1.8473
"phosphocholine",1.8445
"1-stearoyl-2-oleoyl-GPG (18:0/18:1)",1.8289
"dihomo-linoleoylcarnitine (C20:2)*",1.8093
"beta-hydroxyisovaleroylcarnitine",1.8091
"linoleoyl-arachidonoyl-glycerol (18:2/20:4) [1]*",1.8068
"1-stearoyl-2-adrenoyl-GPC (18:0/22:4)*",1.7914
"glucose 6-phosphate",1.7821
"1-(1-enyl-palmitoyl)-2-arachidonoyl-GPC (P-16:0/20:4)*",1.755
"N-acetylthreonine",1.7351
"palmitoyl-arachidonoyl-glycerol (16:0/20:4) [2]*",1.7317
"1-pentadecanoyl-2-linoleoyl-GPC (15:0/18:2)*",1.7281
"1-palmitoyl-2-oleoyl-GPG (16:0/18:1)",1.7108
"1-pentadecanoyl-2-arachidonoyl-GPC (15:0/20:4)*",1.6276
"N-lactoyl valine",1.621
"lactate",1.5831
"1-(1-enyl-palmitoyl)-2-docosahexaenoyl-GPE (P-16:0/22:6)*",1.5796
"gamma-glutamylglutamate",1.5581
"valine",1.55
"X-12101",1.5376
"1-palmitoyl-2-oleoyl-GPC (16:0/18:1)",1.5328
"sphingomyelin (d18:0/18:0, d19:0/17:0)*",1.5236
"phosphoethanolamine (PE)",1.5232
"guanidinoacetate",1.5119
"heptadecasphingosine (d17:1)",1.5084
"1-(1-enyl-palmitoyl)-2-arachidonoyl-GPE (P-16:0/20:4)*",1.4724
"allantoic acid",1.4441
"1-margaroyl-2-arachidonoyl-GPC (17:0/20:4)*",1.4396
"glucosamine 6-phosphate",1.4331
"riboflavin (vitamin B2)",1.4163
"glutamine",1.3989
"1-stearoyl-2-docosahexaenoyl-GPC (18:0/22:6)",1.3923
"N-acetylneuraminate",1.388
"1-stearoyl-2-docosahexaenoyl-GPE (18:0/22:6)*",1.3438
"palmitoleoylcarnitine (C16:1)*",1.3334
"carnitine",1.2922
"1-stearoyl-2-linoleoyl-GPI (18:0/18:2)",1.283
"glycine",1.2703
"meadoylcarnitine (C20:3n9)*",1.2348
"1-stearoyl-2-arachidonoyl-GPS (18:0/20:4)",1.1818
"phosphate",1.1698
"1-palmitoyl-2-linoleoyl-GPG (16:0/18:2)",1.1649
"alpha-glutamylglutamate",1.1636
"1-palmitoyl-2-eicosapentaenoyl-GPC (16:0/20:5)*",1.1624
"margaroylcarnitine (C17)*",1.1505
"1-stearoyl-2-docosapentaenoyl-GPC (18:0/22:5n3)*",1.1422
"linoleoyl-linolenoyl-glycerol (18:2/18:3) [1]*",1.133
"sphingosine",1.1136
"mannose 6-phosphate",1.1024
"N-stearoyl-sphingadienine (d18:2/18:0)*",1.076
"palmitoyl dihydrosphingomyelin (d18:0/16:0)*",1.0649
"galactitol (dulcitol)",1.0513
"dimethylarginine (ADMA + SDMA)",1.0423
"uridine",1.0338
"N6-acetyllysine",1.0322
"stearoyl-arachidonoyl-glycerol (18:0/20:4) [2]*",1.0242
"glycerophosphoserine*",1.0038
"palmitoyl-linoleoyl-glycerol (16:0/18:2) [1]*",0.99431
"oleoyl-linoleoyl-glycerol (18:1/18:2) [1]",0.99125
"X-17335",0.98275
"1-palmitoyl-2-palmitoleoyl-GPC (16:0/16:1)*",0.97692
"X-22771",0.96266
"1-lignoceroyl-GPC (24:0)",0.95946
"nicotinate",0.94343
"2-hydroxyglutarate",0.93269
"1-palmityl-2-palmitoyl-GPC (O-16:0/16:0)*",0.91321
"2-methylbutyrylcarnitine (C5)",0.90126
"benzoylcarnitine*",0.89804
"2-methylserine",0.89565
"glutathione, oxidized (GSSG)",0.88663
"palmitoyl ethanolamide",0.88425
"sphingomyelin (d17:1/16:0, d18:1/15:0, d16:1/17:0)*",0.87302
"gamma-glutamylleucine",0.86324
"mannonate*",0.85353
"UMP",0.78857
"1-palmitoyl-2-arachidonoyl-GPC (16:0/20:4n6)",0.77428
"1-stearoyl-2-arachidonoyl-GPC (18:0/20:4)",0.77148
"ceramide (d18:1/14:0, d16:1/16:0)*",0.75983
"nicotinamide",0.74297
"N-behenoyl-sphingadienine (d18:2/22:0)*",0.73508
"malate",0.71478
"N6,N6,N6-trimethyllysine",0.70649
"pyruvate",0.69464
"oleoyl-oleoyl-glycerol (18:1/18:1) [1]*",0.69253
"CMP",0.66208
"3,4-dihydroxybutyrate",0.65231
"succinoyltaurine",0.64922
"linoleoyl ethanolamide",0.63652
"1-(1-enyl-palmitoyl)-2-palmitoyl-GPC (P-16:0/16:0)*",0.62145
"maltose",0.61704
"creatine phosphate",0.58333
"4-hydroxy-nonenal-glutathione",0.57483
"1-palmitoleoyl-2-linoleoyl-GPC (16:1/18:2)*",0.56591
"lyxonate",0.56323
"sphingadienine",0.55413
"5-oxoproline",0.53879
"1-stearoyl-2-oleoyl-GPC (18:0/18:1)",0.53871
"arachidonoylcarnitine (C20:4)",0.53835
"serine",0.46034
"X-23782",0.45367
"phenylalanylglycine",0.45124
"creatinine",0.43225
"fructose",0.42475
"N-stearoyl-sphingosine (d18:1/18:0)*",0.4232
"1-oleoyl-2-docosahexaenoyl-GPE (18:1/22:6)*",0.42289
"tricarballylate",0.41812
"N-acetylglutamate",0.41516
"S-methylcysteine",0.38999
"1-stearoyl-2-arachidonoyl-GPI (18:0/20:4)",0.38586
"3'-dephospho-acetyl-CoA",0.3682
"N-lactoyl phenylalanine",0.36216
"creatine",0.35062
"butenoylcarnitine (C4:1)",0.33365
"phosphopantetheine",0.32855
"glutamate, gamma-methyl ester",0.29883
"lignoceroylcarnitine (C24)*",0.29561
"5'- GMP",0.26809
"palmitoyl-arachidonoyl-glycerol (16:0/20:4) [1]*",0.25969
"N6,N6-dimethyllysine",0.25772
"sphingomyelin (d18:2/16:0, d18:1/16:1)*",0.25369
"taurine",0.2422
"3-hydroxylaurate",0.17444
"3-hydroxypalmitate",0.1706
"N-lactoyl leucine",0.14631
"X-22772",0.13533
"fructose 6-phosphate",0.12871
"guanine",0.1287
"gamma-glutamylphenylalanine",0.11742
"2'-O-methyluridine",0.11081
"glycerate",0.071224
"1-behenoyl-GPC (22:0)",0.068466
"malonate",0.053171
"choline",0.018173
"hydroxy-N6,N6,N6-trimethyllysine*",0.017628
"adenosine 3',5'-cyclic monophosphate (cAMP)",0
