"","MeanDecreaseAccuracy"
"2-hydroxybutyrate/2-hydroxyisobutyrate",0.0058
"N6-carboxymethyllysine",0.0054381
"anserine",0.0049333
"1-dihomo-linolenoyl-GPC (20:3n3 or 6)*",0.0048
"2,4-dihydroxybutyrate",0.0042095
"alpha-hydroxyisovalerate",0.0042
"1-arachidoyl-GPC (20:0)",0.004
"2'-deoxycytidine",0.004
"orotate",0.004
"4-imidazoleacetate",0.0038
"1-heptadecenoylglycerol (17:1)*",0.0033333
"C-glycosyltryptophan",0.0033333
"arachidonoyl CoA",0.0033333
"X-12104",0.0033
"2-hydroxy-3-methylvalerate",0.0031333
"erythronate*",0.0029667
"3-hydroxy-2-ethylpropionate",0.0029333
"carnosine",0.0029333
"X-11787",0.0028
"1-stearoyl-2-meadoyl-GPC (18:0/20:3n9)*",0.0028
"sphingomyelin (d18:2/24:1, d18:1/24:2)*",0.0026667
"1-ribosyl-imidazoleacetate*",0.0026333
"maleate",0.0023333
"N-acetylmethionine sulfoxide",0.0023333
"7-HOCA",0.0023333
"glycerophosphorylcholine (GPC)",0.0023333
"CoA-glutathione*",0.0023333
"spermidine",0.0021429
"adenosine 5'-diphosphoribose (ADP-ribose)",0.0021333
"3'-dephospho-CoA-glutathione*",0.002
"2,3-dihydroxyisovalerate",0.002
"docosatrienoate (22:3n6)*",0.0018333
"X-22767",0.0018
"X-12015",0.0018
"X-07765",0.0018
"1-palmityl-2-linoleoyl-GPC (O-16:0/18:2)*",0.0018
"CoA",0.0018
"2'-deoxyuridine",0.0017333
"stearoyl ethanolamide",0.0017
"sphingomyelin (d18:0/18:0, d19:0/17:0)*",0.0016667
"behenoyl sphingomyelin (d18:1/22:0)*",0.0016
"hydroxyproline",0.0016
"AMP",0.0016
"2,3-dihydroxy-5-methylthio-4-pentenoate (DMTPA)*",0.0015
"myristoylcholine*",0.0015
"3-ureidopropionate",0.0015
"stearoylcholine*",0.0014
"sphingomyelin (d18:2/23:0, d18:1/23:1, d17:1/24:1)*",0.0013714
"2-heptadecenoylglycerol (17:1)*",0.0013333
"sphingomyelin (d18:1/22:2, d18:2/22:1, d16:1/24:2)*",0.0013333
"1-methylhistidine",0.0013333
"isoleucylhydroxyproline*",0.0012
"oxalate (ethanedioate)",0.0011667
"linoleoyl-linolenoyl-glycerol (18:2/18:3) [2]*",0.0010667
"orotidine",0.0010667
"1-palmitoyl-2-pentadecanoyl-GPC (16:0/15:0)*",0.001
"1-oleoyl-2-arachidonoyl-GPE (18:1/20:4)*",0.001
"sphingomyelin (d18:1/22:1, d18:2/22:0, d16:1/24:1)*",0.001
"valylleucine",0.001
"2S,3R-dihydroxybutyrate",0.001
"isovalerylglycine",0.001
"1-palmitoyl-GPC (16:0)",0.001
"2-phosphoglycerate",0.001
"N-acetylmethionine",0.001
"pipecolate",0.001
"retinol (vitamin A)",0.001
"inosine",0.001
"2'-deoxyguanosine",0.001
"N,N,N-trimethyl-alanylproline betaine (TMAP)",8e-04
"hexadecasphingosine (d16:1)*",8e-04
"oleoylcholine",8e-04
"1-(1-enyl-stearoyl)-2-docosahexaenoyl-GPE (P-18:0/22:6)*",8e-04
"1-nonadecanoyl-GPC (19:0)",8e-04
"N-palmitoyltaurine",8e-04
"N-oleoyltaurine",8e-04
"1-palmitoleoyl-GPI (16:1)*",8e-04
"stearidonate (18:4n3)",8e-04
"acetyl-CoA",8e-04
"S-adenosylmethionine (SAM)",8e-04
"mannose",8e-04
"pyridoxamine",8e-04
"glutathione, reduced (GSH)",8e-04
"3-phosphoglycerate",8e-04
"cystathionine",0.00078571
"sphingomyelin (d18:1/18:1, d18:2/18:0)",0.00073333
"1-methylguanidine",0.00073333
"X-17335",0.00066667
"S-(1,2-dicarboxyethyl)glutathione",0.00066667
"1-oleoyl-2-linoleoyl-GPC (18:1/18:2)*",0.00066667
"1-(1-enyl-oleoyl)-GPE (P-18:1)*",0.00066667
"1-linolenoyl-GPC (18:3)*",0.00066667
"prolylalanine",0.00066667
"N-acetyltryptophan",0.00066667
"1,5-anhydroglucitol (1,5-AG)",0.00066667
"3'-dephosphocoenzyme A",0.00066667
"biopterin",0.00066667
"alpha-tocopherol",0.00066667
"lactate",0.00066667
"gamma-glutamylglutamate",0.00066667
"fumarate",0.00066667
"phosphocholine",0.00066667
"1-arachidonoyl-GPI (20:4)*",0.00057143
"1-oleoylglycerol (18:1)",0.00057143
"1-palmitoyl-2-linoleoyl-GPC (16:0/18:2)",0.00057143
"X-22162",5e-04
"1-palmitoyl-2-gamma-linolenoyl-GPC (16:0/18:3n6)*",5e-04
"1-palmitoyl-2-stearoyl-GPC (16:0/18:0)",5e-04
"nicotinamide N-oxide",5e-04
"2-methylmalonylcarnitine (C4-DC)",5e-04
"1-oleoyl-GPE (18:1)",5e-04
"N-glycolylneuraminate",5e-04
"galactonate",5e-04
"gamma-glutamylhistidine",5e-04
"oleoyl ethanolamide",5e-04
"pantothenate (Vitamin B5)",5e-04
"thiamin monophosphate",5e-04
"glutarate (C5-DC)",5e-04
"N6,N6,N6-trimethyllysine",5e-04
"N,N,N-trimethyl-5-aminovalerate",0.00046667
"3-hydroxydecanoylcarnitine",4e-04
"1-stearoyl-2-docosapentaenoyl-GPC (18:0/22:5n3)*",4e-04
"o-tyrosine",4e-04
"UDP-N-acetylglucosamine/galactosamine",4e-04
"2-arachidonoyl-GPI (20:4)*",4e-04
"glycerophosphoglycerol",4e-04
"3'-AMP",4e-04
"trizma acetate",4e-04
"S-adenosylhomocysteine (SAH)",4e-04
"nisinate (24:6n3)",0.00033333
"hippurate",0.00033333
"pseudouridine",0.00033333
"X-26107",1e-04
"AICA ribonucleotide",6.6667e-05
"X-26108",0
"X-26106",0
"X-23782",0
"X-23739",0
"X-22773",0
"X-22772",0
"X-22771",0
"X-21788",0
"X-21353",0
"X-15461",0
"X-15220",0
"X-15161",0
"X-14056",0
"X-12101",0
"X-12100",0
"X-11612",0
"X-10457",0
"X-10445",0
"N-lactoyl valine",0
"N-lactoyl phenylalanine",0
"N-lactoyl leucine",0
"oxindolylalanine",0
"N,N-dimethyl-pro-pro",0
"3-hydroxyoctanoylcarnitine (2)",0
"2,4-di-tert-butylphenol",0
"NADHX*",0
"cis-3,4-methyleneheptanoylcarnitine",0
"(2 or 3)-decenoate (10:1n7 or n8)",0
"1-methyl-5-imidazolelactate",0
"succinoyltaurine",0
"3-decenoylcarnitine",0
"hydroxy-N6,N6,N6-trimethyllysine*",0
"hydroxypalmitoyl sphingomyelin (d18:1/16:0(OH))**",0
"N-(ADP-ribosyl)-arginine (2)*",0
"N-(ADP-ribosyl)-arginine (1)*",0
"2,6-dihydroxybenzoic acid",0
"3-hydroxyhexanoylcarnitine (2)",0
"3-hydroxyhexanoylcarnitine (1)",0
"1-nisinoyl-GPC (24:6)*",0
"meadoylcarnitine (C20:3n9)*",0
"1-meadoylglycerol (20:3n9)*",0
"1-linolenoyl-GPG (18:3)*",0
"dodecadienoate (12:2)*",0
"N6,N6-dimethyllysine",0
"ascorbic acid 3-sulfate*",0
"ethyl beta-glucopyranoside",0
"N,N-dimethylalanine",0
"tetradecadienoate (14:2)*",0
"3-formylindole",0
"N-acetyl-2-aminooctanoate*",0
"3-hydroxyoleate*",0
"2-hydroxyheptanoate*",0
"18-methylnonadecanoate (i20:0)",0
"3-hydroxyarachidate*",0
"3-hydroxypalmitoylcarnitine",0
"5-dodecenoylcarnitine (C12:1)",0
"(N(1) + N(8))-acetylspermidine",0
"palmitoleoyl ethanolamide*",0
"adrenoylcarnitine (C22:4)*",0
"docosatrienoylcarnitine (C22:3)*",0
"docosadienoylcarnitine (C22:2)*",0
"nervonoylcarnitine (C24:1)*",0
"docosahexaenoylcarnitine (C22:6)*",0
"pentadecanoylcarnitine (C15)*",0
"erucoylcarnitine (C22:1)*",0
"dihomo-linoleoylcarnitine (C20:2)*",0
"eicosenoylcarnitine (C20:1)*",0
"arachidonoylcarnitine (C20:4)",0
"lignoceroylcarnitine (C24)*",0
"behenoylcarnitine (C22)*",0
"heneicosapentaenoate (21:5n3)",0
"sphingomyelin (d18:2/21:0, d16:2/23:0)*",0
"sphingomyelin (d18:1/19:0, d19:1/18:0)*",0
"sphingomyelin (d18:0/20:0, d16:0/22:0)*",0
"linoleoylcholine*",0
"ceramide (d18:1/20:0, d16:1/22:0, d20:1/18:0)*",0
"ceramide (d18:2/24:1, d18:1/24:2)*",0
"ceramide (d18:1/17:0, d17:1/18:0)*",0
"ceramide (d18:1/14:0, d16:1/16:0)*",0
"heptadecasphingosine (d17:1)",0
"glycerophosphoserine*",0
"butyryl/isobutyryl CoA",0
"maltitol/lactitol/cellobiotol/palatinol",0
"sphingadienine",0
"N-stearoyl-sphingadienine (d18:2/18:0)*",0
"palmitoyl-docosahexaenoyl-glycerol (16:0/22:6) [2]*",0
"palmitoyl-docosahexaenoyl-glycerol (16:0/22:6) [1]*",0
"stearoyl-docosahexaenoyl-glycerol (18:0/22:6) [2]*",0
"N-palmitoyl-sphingadienine (d18:2/16:0)*",0
"1-palmityl-2-palmitoyl-GPC (O-16:0/16:0)*",0
"1-palmityl-2-stearoyl-GPC (O-16:0/18:0)*",0
"1-stearoyl-2-dihomo-linolenoyl-GPS (18:0/20:3n3 or 6)*",0
"1-palmityl-GPE (O-16:0)*",0
"1-oleoyl-2-arachidonoyl-GPI (18:1/20:4)*",0
"stearoyl-arachidonoyl-glycerol (18:0/20:4) [2]*",0
"stearoyl-arachidonoyl-glycerol (18:0/20:4) [1]*",0
"linoleoyl-linoleoyl-glycerol (18:2/18:2) [2]*",0
"linoleoyl-linoleoyl-glycerol (18:2/18:2) [1]*",0
"diacylglycerol (16:1/18:2 [2], 16:0/18:3 [1])*",0
"palmitoyl-linolenoyl-glycerol (16:0/18:3) [2]*",0
"oleoyl-arachidonoyl-glycerol (18:1/20:4) [2]*",0
"linoleoyl-docosahexaenoyl-glycerol (18:2/22:6) [2]*",0
"linoleoyl-linolenoyl-glycerol (18:2/18:3) [1]*",0
"palmitoyl-arachidonoyl-glycerol (16:0/20:4) [2]*",0
"palmitoyl-arachidonoyl-glycerol (16:0/20:4) [1]*",0
"linoleoyl-arachidonoyl-glycerol (18:2/20:4) [2]*",0
"linoleoyl-arachidonoyl-glycerol (18:2/20:4) [1]*",0
"oleoyl-oleoyl-glycerol (18:1/18:1) [1]*",0
"palmitoyl-oleoyl-glycerol (16:0/18:1) [2]*",0
"gamma-glutamyl-alpha-lysine",0
"2'-O-methyluridine",0
"2,3-dihydroxy-2-methylbutyrate",0
"succinylglutamine",0
"palmitoleoylcarnitine (C16:1)*",0
"1-eicosapentaenoylglycerol (20:5)*",0
"hexadecadienoate (16:2n6)",0
"hexadecatrienoate (16:3n3)",0
"1-palmitoleoyl-2-linolenoyl-GPC (16:1/18:3)*",0
"1,2-dilinolenoyl-GPC (18:3/18:3)*",0
"14-HDoHE/17-HDoHE",0
"methylsuccinoylcarnitine",0
"glycosyl-N-palmitoyl-sphingosine (d18:1/16:0)",0
"(S)-3-hydroxybutyrylcarnitine",0
"2-methylserine",0
"palmitoylcholine",0
"thioproline",0
"1-(1-enyl-stearoyl)-2-linoleoyl-GPE (P-18:0/18:2)*",0
"1,2-dilinoleoyl-GPE (18:2/18:2)*",0
"1-palmitoyl-2-eicosapentaenoyl-GPE (16:0/20:5)*",0
"1,2-dipalmitoyl-GPE (16:0/16:0)*",0
"1-stearoyl-2-dihomo-linolenoyl-GPI (18:0/20:3n3 or 6)*",0
"1-(1-enyl-palmitoyl)-2-palmitoyl-GPC (P-16:0/16:0)*",0
"1-stearyl-GPC (O-18:0)*",0
"1-stearoyl-2-adrenoyl-GPC (18:0/22:4)*",0
"1-stearoyl-2-docosapentaenoyl-GPC (18:0/22:5n6)*",0
"1-myristoyl-2-arachidonoyl-GPC (14:0/20:4)*",0
"1-linoleoyl-2-arachidonoyl-GPC (18:2/20:4n6)*",0
"1-oleoyl-2-docosahexaenoyl-GPC (18:1/22:6)*",0
"1-margaroyl-2-arachidonoyl-GPC (17:0/20:4)*",0
"1-pentadecanoyl-2-docosahexaenoyl-GPC (15:0/22:6)*",0
"1-oleoyl-2-linoleoyl-GPG (18:1/18:2)*",0
"1-stearoyl-2-linoleoyl-GPG (18:0/18:2)*",0
"1-oleoyl-2-linoleoyl-GPE (18:1/18:2)*",0
"1-palmitoleoyl-2-linoleoyl-GPC (16:1/18:2)*",0
"1-(1-enyl-palmitoyl)-2-linoleoyl-GPE (P-16:0/18:2)*",0
"1-stearoyl-2-docosahexaenoyl-GPI (18:0/22:6)*",0
"1-palmitoyl-2-oleoyl-GPI (16:0/18:1)*",0
"palmitoyl-linoleoyl-glycerol (16:0/18:2) [1]*",0
"1-stearoyl-2-dihomo-linolenoyl-GPC (18:0/20:3n3 or 6)*",0
"1-margaroyl-2-linoleoyl-GPC (17:0/18:2)*",0
"1-margaroyl-2-oleoyl-GPC (17:0/18:1)*",0
"1-pentadecanoyl-2-linoleoyl-GPC (15:0/18:2)*",0
"N-palmitoyl-sphinganine (d18:0/16:0)",0
"sphingomyelin (d18:1/21:0, d17:1/22:0, d16:1/23:0)*",0
"1-stearyl-2-arachidonoyl-GPC (O-18:0/20:4)*",0
"1-(1-enyl-stearoyl)-2-docosahexaenoyl-GPC (P-18:0/22:6)*",0
"1-(1-enyl-palmitoyl)-2-arachidonoyl-GPC (P-16:0/20:4)*",0
"1-(1-enyl-palmitoyl)-2-linoleoyl-GPC (P-16:0/18:2)*",0
"1-(1-enyl-palmitoyl)-2-docosahexaenoyl-GPC (P-16:0/22:6)*",0
"1-(1-enyl-palmitoyl)-2-oleoyl-GPC (P-16:0/18:1)*",0
"1-(1-enyl-palmitoyl)-2-oleoyl-GPE (P-16:0/18:1)*",0
"1-(1-enyl-palmitoyl)-2-arachidonoyl-GPE (P-16:0/20:4)*",0
"1-(1-enyl-palmitoyl)-2-docosahexaenoyl-GPE (P-16:0/22:6)*",0
"1-(1-enyl-stearoyl)-2-arachidonoyl-GPE (P-18:0/20:4)*",0
"gamma-tocopherol/beta-tocopherol",0
"1-palmitoyl-2-palmitoleoyl-GPE (16:0/16:1)*",0
"1-stearoyl-2-linoleoyl-GPI (18:0/18:2)",0
"1-palmitoyl-2-arachidonoyl-GPI (16:0/20:4)*",0
"1-stearoyl-2-docosahexaenoyl-GPE (18:0/22:6)*",0
"1-palmitoyl-2-docosahexaenoyl-GPE (16:0/22:6)*",0
"1-palmitoyl-2-arachidonoyl-GPE (16:0/20:4)*",0
"1-palmitoyl-2-palmitoleoyl-GPC (16:0/16:1)*",0
"1-stearoyl-2-linoleoyl-GPC (18:0/18:2)*",0
"1-oleoyl-2-linoleoyl-GPI (18:1/18:2)*",0
"1-stearoyl-2-arachidonoyl-GPE (18:0/20:4)",0
"1-stearoyl-2-linoleoyl-GPE (18:0/18:2)*",0
"tricosanoyl sphingomyelin (d18:1/23:0)*",0
"palmitoyl dihydrosphingomyelin (d18:0/16:0)*",0
"2-palmitoleoylglycerol (16:1)*",0
"1-palmitoleoylglycerol (16:1)*",0
"4-HDoHE",0
"3-hydroxystearate",0
"oleate/vaccenate (18:1)",0
"2-methylcitrate/homocitrate",0
"sphingomyelin (d18:1/17:0, d17:1/18:0, d19:1/16:0)",0
"1-palmitoyl-2-docosahexaenoyl-GPC (16:0/22:6)",0
"1-palmitoyl-2-arachidonoyl-GPC (16:0/20:4n6)",0
"1,2-dilinoleoyl-GPC (18:2/18:2)",0
"linoleoyl ethanolamide",0
"N-acetylglucosamine/N-acetylgalactosamine",0
"arabitol/xylitol",0
"2-docosahexaenoylglycerol (22:6)*",0
"sphingomyelin (d17:1/16:0, d18:1/15:0, d16:1/17:0)*",0
"sphingomyelin (d18:1/20:1, d18:2/20:0)*",0
"sphingomyelin (d18:1/20:0, d16:1/22:0)*",0
"4-hydroxy-nonenal-glutathione",0
"p-cresol glucuronide*",0
"ribulose/xylulose",0
"1-dihomo-linolenylglycerol (20:3)",0
"arabonate/xylonate",0
"myristoleoylcarnitine (C14:1)*",0
"methyl glucopyranoside (alpha + beta)",0
"N-palmitoleoyltaurine*",0
"N-myristoyltaurine*",0
"N-arachidonoyltaurine",0
"N-linoleoyltaurine*",0
"1-palmitoyl-GPG (16:0)*",0
"1-oleoyl-GPG (18:1)*",0
"O-sulfo-tyrosine",0
"1-eicosenoyl-GPE (20:1)*",0
"fructosyllysine",0
"1-dihomo-linolenoyl-GPE (20:3n3 or 6)*",0
"1-eicosenoyl-GPC (20:1)*",0
"1-eicosapentaenoyl-GPC (20:5)*",0
"methionine sulfone",0
"docosahexaenoyl ethanolamide",0
"1-linoleoyl-GPS (18:2)*",0
"benzoylcarnitine*",0
"2-aminoheptanoate",0
"N-monomethylarginine",0
"3-hydroxyadipate",0
"sphingomyelin (d18:2/16:0, d18:1/16:1)*",0
"sphingomyelin (d18:1/14:0, d16:1/16:0)*",0
"1-stearoyl-GPS (18:0)*",0
"4-methylcatechol sulfate",0
"2-hydroxydecanoate",0
"margaroylcarnitine (C17)*",0
"(R)-3-hydroxybutyrylcarnitine",0
"taurohyodeoxycholic acid",0
"mannonate*",0
"prolylproline",0
"prolylglycine",0
"valylglycine",0
"valylglutamine",0
"aspartylaspartate",0
"tyrosylglycine",0
"phenylalanylalanine",0
"phenylalanylglycine",0
"N6-methyllysine",0
"trimethylamine N-oxide",0
"carboxyethyl-GABA",0
"2-O-methylascorbic acid",0
"N-stearoyltaurine",0
"leucylglutamine*",0
"leucylalanine",0
"isoleucylglycine",0
"linoleoylcarnitine (C18:2)*",0
"2-palmitoleoyl-GPI (16:1)*",0
"1-(1-enyl-stearoyl)-GPE (P-18:0)*",0
"1-(1-enyl-palmitoyl)-GPE (P-16:0)*",0
"oleoyl-linoleoyl-glycerol (18:1/18:2) [2]",0
"oleoyl-linoleoyl-glycerol (18:1/18:2) [1]",0
"16-hydroxypalmitate",0
"(14 or 15)-methylpalmitate (a17:0 or i17:0)",0
"tauroursodeoxycholate",0
"1-methyl-5-imidazoleacetate",0
"1-(1-enyl-palmitoyl)-GPC (P-16:0)*",0
"1-lignoceroyl-GPC (24:0)",0
"1-adrenoyl-GPC (22:4)*",0
"1-behenoyl-GPC (22:0)",0
"2-oxoarginine*",0
"sedoheptulose",0
"4-hydroxyglutamate",0
"sulfate*",0
"formiminoglutamate",0
"5-(galactosylhydroxy)-lysine",0
"3-methylglutaconate",0
"2R,3R-dihydroxybutyrate",0
"(16 or 17)-methylstearate (a19:0 or i19:0)",0
"cis-4-decenoylcarnitine (C10:1)",0
"13-HODE + 9-HODE",0
"1-pentadecanoyl-GPC (15:0)*",0
"1-margaroyl-GPE (17:0)*",0
"12-HETE",0
"ergothioneine",0
"palmitoyl sphingomyelin (d18:1/16:0)",0
"N-acetyl-beta-alanine",0
"O-methyltyrosine",0
"2-hydroxyglutarate",0
"1-docosahexaenoyl-GPE (22:6)*",0
"succinylcarnitine (C4-DC)",0
"1-stearoyl-2-docosahexaenoyl-GPS (18:0/22:6)*",0
"1-stearoyl-2-arachidonoyl-GPS (18:0/20:4)",0
"1-stearoyl-2-arachidonoyl-GPC (18:0/20:4)",0
"1-stearoyl-2-oleoyl-GPG (18:0/18:1)",0
"N-acetylserine",0
"dimethylarginine (ADMA + SDMA)",0
"methylphosphate",0
"1-palmitoleoyl-GPE (16:1)*",0
"1-linoleoyl-GPI* (18:2)*",0
"1-oleoyl-GPI (18:1)",0
"mannitol/sorbitol",0
"dihomolinolenate (20:3n3 or 3n6)",0
"N6-acetyllysine",0
"3,4-dihydroxybutyrate",0
"2'-AMP",0
"N6-succinyladenosine",0
"deoxycarnitine",0
"1-palmitoyl-GPI (16:0)",0
"sedoheptulose-7-phosphate",0
"glycerophosphoinositol*",0
"glycerophosphoethanolamine",0
"hexadecanedioate (C16)",0
"tetradecanedioate (C14)",0
"N-acetyl-aspartyl-glutamate (NAAG)",0
"cholesterol sulfate",0
"catechol sulfate",0
"tiglyl carnitine (C5)",0
"beta-hydroxyisovaleroylcarnitine",0
"gulonate*",0
"docosapentaenoate (n6 DPA; 22:5n6)",0
"1-arachidonoyl-GPE (20:4n6)*",0
"1-linoleoyl-GPE (18:2)*",0
"1-palmitoyl-GPE (16:0)",0
"1-docosahexaenoyl-GPC (22:6)*",0
"2-myristoyl-GPC (14:0)*",0
"2-palmitoyl-GPC (16:0)*",0
"1-eicosadienoyl-GPC* (20:2)*",0
"1-arachidonoyl-GPC (20:4n6)*",0
"homostachydrine*",0
"glutamine_degradant*",0
"hexanoylglycine (C6)",0
"malonylcarnitine",0
"1-palmitoleoyl-GPC (16:1)*",0
"2-methylbutyrylcarnitine (C5)",0
"4-hydroxybutyrate (GHB)",0
"oleoylcarnitine (C18:1)",0
"pantetheine",0
"gamma-glutamylisoleucine*",0
"1-dihomo-linoleoylglycerol (20:2)",0
"1-docosahexaenoylglycerol (22:6)",0
"mead acid (20:3n9)",0
"N1-methyl-4-pyridone-3-carboxamide",0
"N1-methyl-2-pyridone-5-carboxamide",0
"1-stearoyl-GPG (18:0)",0
"1-stearoyl-GPE (18:0)",0
"7-methylguanine",0
"5-methyluridine (ribothymidine)",0
"cysteine-glutathione disulfide",0
"1-arachidonylglycerol (20:4)",0
"1-pentadecanoylglycerol (15:0)",0
"1-margaroylglycerol (17:0)",0
"5,6-dihydrouridine",0
"taurocyamine",0
"N6-carbamoylthreonyladenosine",0
"CDP-ethanolamine",0
"1-linoleoyl-GPC (18:2)",0
"isovalerylcarnitine (C5)",0
"laurylcarnitine (C12)",0
"stearoylcarnitine (C18)",0
"heme",0
"1-myristoyl-GPC (14:0)",0
"aconitate [cis or trans]",0
"linolenate (18:3n3 or 3n6)",0
"p-cresol sulfate",0
"gamma-glutamylthreonine",0
"ophthalmate",0
"stachydrine",0
"N-acetylhistidine",0
"10-heptadecenoate (17:1n7)",0
"10-nonadecenoate (19:1n9)",0
"phenylacetylglycine",0
"N-acetylthreonine",0
"1-oleoyl-GPC (18:1)",0
"1-stearoyl-GPC (18:0)",0
"N-acetylarginine",0
"gamma-glutamyl-epsilon-lysine",0
"S-methylglutathione",0
"glycylleucine",0
"N-acetylasparagine",0
"N-acetylphenylalanine",0
"N-acetylglutamine",0
"decanoylcarnitine (C10)",0
"tauro-beta-muricholate",0
"octanoylcarnitine (C8)",0
"5-dodecenoate (12:1n7)",0
"sebacate (C10-DC)",0
"1-methyl-4-imidazoleacetate",0
"myristoleate (14:1n5)",0
"docosatrienoate (22:3n3)",0
"adrenate (22:4n6)",0
"docosapentaenoate (DPA; 22:5n3)",0
"butyrylglycine (C4)",0
"3-hydroxyglutarate",0
"gamma-glutamylvaline",0
"histidine methyl ester",0
"pyridoxate",0
"3-hydroxylaurate",0
"glutamate, gamma-methyl ester",0
"dodecanedioate (C12)",0
"trigonelline (N'-methylnicotinate)",0
"indolepropionate",0
"beta-muricholate",0
"butyrylcarnitine (C4)",0
"2-palmitoylglycerol (16:0)",0
"1-linoleoylglycerol (18:2)",0
"threonate",0
"ribonate",0
"N-acetylglycine",0
"3-hydroxydecanoate",0
"2-linoleoylglycerol (18:2)",0
"homocitrulline",0
"homoarginine",0
"2-oleoylglycerol (18:1)",0
"3-hydroxymyristate",0
"tartronate (hydroxymalonate)",0
"1-palmitoylglycerol (16:0)",0
"acetylcarnitine (C2)",0
"N-acetylaspartate (NAA)",0
"hexanoylcarnitine (C6)",0
"palmitoylcarnitine (C16)",0
"3-hydroxyoctanoate",0
"5-methylcytidine",0
"2-hydroxyoctanoate",0
"1-myristoyl-2-palmitoyl-GPC (14:0/16:0)",0
"docosahexaenoate (DHA; 22:6n3)",0
"1,2-distearoyl-GPC (18:0/18:0)",0
"1,2-dipalmitoyl-GPC (16:0/16:0)",0
"1,2-dipalmitoyl-GPG (16:0/16:0)",0
"1-stearoyl-2-linoleoyl-GPS (18:0/18:2)",0
"1-stearoyl-2-oleoyl-GPS (18:0/18:1)",0
"sphingosine 1-phosphate",0
"1-stearoyl-2-arachidonoyl-GPI (18:0/20:4)",0
"1-palmityl-GPC (O-16:0)",0
"2-arachidonoylglycerol (20:4)",0
"gamma-glutamylphenylalanine",0
"glycylvaline",0
"3-indoxyl sulfate",0
"indolelactate",0
"homoserine",0
"mesaconate (methylfumarate)",0
"quinate",0
"ribitol",0
"propionyl CoA",0
"6-phosphogluconate",0
"galactose 1-phosphate",0
"xanthosine",0
"UDP-galactose",0
"N-acetylglutamate",0
"maltotriose",0
"maltotetraose",0
"kynurenine",0
"imidazole lactate",0
"glycerol 3-phosphate",0
"glucuronate",0
"FMN",0
"erythrose 4-phosphate",0
"2'-deoxyinosine",0
"creatine phosphate",0
"4-guanidinobutanoate",0
"3-methylhistidine",0
"methionine sulfoxide",0
"carnitine",0
"ethylmalonate",0
"tricarballylate",0
"methylsuccinate",0
"eicosapentaenoate (EPA; 20:5n3)",0
"acetylcholine",0
"taurodeoxycholate",0
"taurocholate",0
"taurochenodeoxycholate",0
"N-stearoyl-sphingosine (d18:1/18:0)*",0
"1-palmitoyl-2-linoleoyl-GPG (16:0/18:2)",0
"1-palmitoyl-2-oleoyl-GPC (16:0/18:1)",0
"1-palmitoyl-2-linoleoyl-GPI (16:0/18:2)",0
"1-palmitoyl-2-oleoyl-GPE (16:0/18:1)",0
"N-palmitoyl-sphingosine (d18:1/16:0)",0
"palmitoyl ethanolamide",0
"beta-hydroxyisovalerate",0
"S-lactoylglutathione",0
"nicotinamide ribonucleotide (NMN)",0
"adenylosuccinate",0
"gamma-glutamylleucine",0
"12-HHTrE",0
"choline",0
"glycerol",0
"5-methyltetrahydrofolate (5MeTHF)",0
"1-methyladenosine",0
"2-hydroxystearate",0
"fructose 6-phosphate",0
"dihomolinoleate (20:2n6)",0
"cytidine 5'-monophospho-N-acetylneuraminic acid",0
"creatine",0
"CDP-choline",0
"N-acetylglucosaminylasparagine",0
"adenosine 3',5'-diphosphate",0
"N-acetylglucosamine 6-phosphate",0
"N-acetyl-glucosamine 1-phosphate",0
"acetylphosphate",0
"isocitrate",0
"N-acetylneuraminate",0
"butyrate/isobutyrate (4:0)",0
"urate",0
"citrate",0
"3-aminoisobutyrate",0
"N-acetylalanine",0
"N-carbamoylaspartate",0
"guanosine",0
"UDP-glucuronate",0
"UDP-glucose",0
"N-acetylleucine",0
"glycerate",0
"phosphoethanolamine (PE)",0
"5-oxoproline",0
"xanthine",0
"allantoin",0
"pentadecanoate (15:0)",0
"sucrose",0
"asparagine",0
"ribose",0
"maltose",0
"arachidate (20:0)",0
"nonadecanoate (19:0)",0
"margarate (17:0)",0
"caprate (10:0)",0
"cytosine",0
"thiamin (vitamin B1)",0
"thymidine",0
"uridine 5'-diphosphate (UDP)",0
"UMP",0
"cytidine",0
"uracil",0
"malonate",0
"tyrosine",0
"alanine",0
"cysteine",0
"betaine",0
"adenosine",0
"glucose",0
"nicotinate",0
"valine",0
"threonine",0
"glutamine",0
"glutamate",0
"trans-urocanate",0
"uridine",0
"urea",0
"thiamin diphosphate",0
"myristate (14:0)",0
"taurine",0
"spermine",0
"serotonin",0
"serine",0
"salicylate",0
"riboflavin (vitamin B2)",0
"pyridoxamine phosphate",0
"pyridoxal phosphate",0
"pyridoxal",0
"proline",0
"phytosphingosine",0
"phosphoenolpyruvate (PEP)",0
"phosphate",0
"phenylalanine",0
"palmitoleate (16:1n7)",0
"glutathione, oxidized (GSSG)",0
"ornithine",0
"stearate (18:0)",0
"nicotinamide",0
"NADH",0
"palmitate (16:0)",0
"methionine",0
"malate",0
"lysine",0
"leucine",0
"citrulline",0
"2-aminoadipate",0
"inositol 1-phosphate (I1P)",0
"myo-inositol",0
"inosine 5'-monophosphate (IMP)",0
"hypotaurine",0
"histamine",0
"5'- GMP",0
"guanidinoacetate",0
"glycine",0
"gluconate",0
"FAD",0
"sphinganine",0
"dihydroxyacetone phosphate (DHAP)",0
"deoxycholate",0
"dehydroascorbate",0
"sphingosine",0
"mannose 6-phosphate",0
"glucose 6-phosphate",0
"glucosamine 6-phosphate",0
"CMP",0
"creatinine",0
"corticosterone",0
"cholesterol",0
"3-hydroxybutyrate (BHBA)",0
"biliverdin",0
"3-(4-hydroxyphenyl)lactate (HPLA)",0
"aspartate",0
"ascorbate (vitamin C)",0
"argininosuccinate",0
"arginine",0
"arachidonate (20:4n6)",0
"ribose 1-phosphate",0
"allantoic acid",0
"2'-deoxyadenosine",0
"ATP",0
"ADP",0
"adenosine 3',5'-cyclic monophosphate (cAMP)",0
"N-formylmethionine",0
"laurate (12:0)",0
"linoleate (18:2n6)",0
"9,10-DiHOME",0
"guanine",0
"hypoxanthine",0
"4-hydroxynonenal",0
"gamma-aminobutyrate (GABA)",0
"cholate",0
"3-hydroxy-3-methylglutarate",0
"3-hydroxyisobutyrate",0
"kynurenate",0
"alpha-ketoglutarate",0
"12,13-DiHOME",0
"1-methylnicotinamide",0
"S-1-pyrroline-5-carboxylate",0
"lignoceroyl sphingomyelin (d18:1/24:0)",-0.00016667
"oleoyl-oleoyl-glycerol (18:1/18:1) [2]*",-0.0002381
"1-stearoyl-2-docosahexaenoyl-GPC (18:0/22:6)",-0.00026667
"N-acetyltyrosine",-0.00028571
"palmitoyl-linoleoyl-glycerol (16:0/18:2) [2]*",-3e-04
"NAD+",-3e-04
"3-hydroxyoctanoylcarnitine (1)",-0.00033333
"nicotinamide riboside",-0.00033333
"1-oleoyl-GPS (18:1)",-0.00033333
"1-linoleoyl-GPG (18:2)*",-0.00033333
"sphingomyelin (d18:1/24:1, d18:2/24:0)*",-0.00033333
"X-15136",-4e-04
"X-12798",-4e-04
"linoleoyl-docosahexaenoyl-glycerol (18:2/22:6) [1]*",-4e-04
"phosphatidylcholine (18:0/20:2, 20:0/18:2)*",-4e-04
"palmitoloelycholine",-4e-04
"1-arachidoyl-2-arachidonoyl-GPC (20:0/20:4)*",-4e-04
"phenol sulfate",-4e-04
"myristoylcarnitine (C14)",-4e-04
"1-methylhistamine",-4e-04
"2-hydroxyadipate",-4e-04
"3-hydroxypalmitate",-4e-04
"bicine",-4e-04
"erucate (22:1n9)",-4e-04
"pyruvate",-4e-04
"tryptophan",-4e-04
"5-methylthioadenosine (MTA)",-4e-04
"putrescine",-4e-04
"X-22918",-5e-04
"N-lactoyl tyrosine",-5e-04
"lyxonate",-5e-04
"3-hydroxyoleoylcarnitine",-5e-04
"butenoylcarnitine (C4:1)",-5e-04
"dihomo-linolenoylcarnitine (C20:3n3 or 6)*",-5e-04
"arachidoylcarnitine (C20)*",-5e-04
"1-pentadecanoyl-2-arachidonoyl-GPC (15:0/20:4)*",-5e-04
"1-stearoyl-2-oleoyl-GPC (18:0/18:1)",-5e-04
"2-aminooctanoate",-5e-04
"1-myristoylglycerol (14:0)",-5e-04
"2-myristoylglycerol (14:0)",-5e-04
"alpha-glutamylglutamate",-5e-04
"1-palmitoyl-2-oleoyl-GPG (16:0/18:1)",-5e-04
"stearoyl sphingomyelin (d18:1/18:0)",-5e-04
"thymine",-5e-04
"histidine",-5e-04
"linolenoylcarnitine (C18:3)*",-0.00057143
"adenine",-0.00057143
"3'-dephospho-acetyl-CoA",-0.00066667
"1-linoleoyl-2-arachidonoyl-GPE (18:2/20:4)*",-0.00066667
"1-palmitoyl-2-eicosapentaenoyl-GPC (16:0/20:5)*",-0.00066667
"2-stearoyl-GPE (18:0)*",-0.00066667
"2-palmitoleoyl-GPC (16:1)*",-0.00066667
"N-acetylisoleucine",-0.00066667
"phenyllactate (PLA)",-0.00066667
"5-hydroxylysine",-0.00066667
"3-hydroxybutyryl CoA",-0.00066667
"dimethylglycine",-0.00066667
"X-11580",-8e-04
"tetracosadienoylcarnitine (C24:2)*",-8e-04
"1-oleoyl-2-docosahexaenoyl-GPE (18:1/22:6)*",-8e-04
"imidazole propionate",-8e-04
"1-palmitoyl-2-linoleoyl-GPE (16:0/18:2)",-8e-04
"1-linolenoylglycerol (18:3)",-8e-04
"10-undecenoate (11:1n1)",-8e-04
"2'-deoxyadenosine 5'-monophosphate",-8e-04
"Isobar: hexose diphosphates",-9e-04
"1-stearoyl-2-oleoyl-GPE (18:0/18:1)",-0.00096667
"X-11615",-0.001
"N-behenoyl-sphingadienine (d18:2/22:0)*",-0.001
"1-stearoyl-2-dihomo-linolenoyl-GPE (18:0/20:3n3 or 6)*",-0.001
"N-acetyltaurine",-0.001
"leucylglycine",-0.001
"2-stearoyl-GPI (18:0)*",-0.001
"4-cholesten-3-one",-0.001
"docosadienoate (22:2n6)",-0.001
"propionylcarnitine (C3)",-0.001
"glycylproline",-0.001
"1-stearoyl-GPI (18:0)",-0.001
"gamma-glutamylglutamine",-0.001
"galactitol (dulcitol)",-0.001
"succinate",-0.001
"S-methylcysteine",-0.0013333
"eicosenoate (20:1n9 or 1n11)",-0.0013333
"phosphopantetheine",-0.0013333
"3-methoxytyrosine",-0.0013333
"oleoyl CoA",-0.0013333
"3-hydroxyhexanoate",-0.0014667
"isoleucine",-0.0016
"1-linoleoyl-2-linolenoyl-GPC (18:2/18:3)*",-0.0016667
"fructose",-0.0017143
"itaconate",-0.002
